text,category,emotion,urgency
楼道堆满杂物，影响通行且存在消防隐患,安全治理,抱怨,中
物业及时清理暴雨后积水，保障居民出行安全,环境卫生,表扬,低
垃圾分类点异味严重，夏季尤为刺鼻,环境卫生,抱怨,中
小区儿童游乐设施破损已久，迟迟未维修,安全治理,抱怨,中
业主群内频繁发布广告，缺乏有效管理,民生服务,抱怨,低
物业主动组织端午节包粽子活动，增进邻里感情,文化生活,表扬,低
夜间有陌生人翻越围墙，安保巡查不到位,安全治理,抱怨,高
绿化带长期缺水，草坪大面积枯黄,环境卫生,抱怨,低
快递柜满溢，包裹堆积在地面易丢失,安全治理,抱怨,中
物业重视业主意见，不断改进服务,民生服务,表扬,低
应急演练流于形式，实际效果不佳,安全治理,抱怨,中
监控摄像头多个损坏，安全防范形同虚设,安全治理,抱怨,低
电动车在楼道充电现象屡禁不止，安全隐患大,安全治理,抱怨,高
社区图书馆书籍陈旧，更新缓慢,文化生活,抱怨,低
物业响应迅速，一天内修复了破裂的水管,民生服务,表扬,低
宠物粪便无人清理，影响环境卫生,环境卫生,抱怨,中
健身器材锈蚀严重，使用存在风险,安全治理,抱怨,中
物业定期公示收支明细，透明度高,民生服务,表扬,低
小区路灯多处损坏，夜间出行不便,安全治理,抱怨,中
社区合唱团活动时间过晚，影响周边住户休息,文化生活,抱怨,低
物业协助加装电梯，推动老旧小区改造,安全治理,表扬,中
垃圾清运不及时，垃圾桶满溢散落一地,环境卫生,抱怨,中
楼顶违章搭建影响整体美观和安全,安全治理,抱怨,高
社区志愿者定期探访独居老人，温暖人心,文化生活,表扬,低
电动车乱停放堵塞消防通道,安全治理,抱怨,高
物业组织消防演练，居民参与度高,安全治理,表扬,低
儿童滑梯螺丝松动，存在脱落风险,安全治理,抱怨,中
垃圾分类准确率低，指导员缺乏专业培训,环境卫生,抱怨,中
物业设立"民情信箱"，认真听取居民建议,民生服务,表扬,低
小区内流浪猫狗增多，存在卫生和安全风险,环境卫生,抱怨,中
文化广场音响音量过大，扰民严重,文化生活,抱怨,中
物业快速处理外墙脱落问题，避免伤人,安全治理,表扬,中
健身步道地砖松动，雨天易滑倒,安全治理,抱怨,中
物业对高空抛物行为加强宣传和监控，效果显著,安全治理,表扬,低
绿化修剪不及时，树枝遮挡低层住户采光,环境卫生,抱怨,低
社区开设暑期托管班，解决双职工家庭难题,文化生活,表扬,中
地下车库照明不足，存在安全隐患,安全治理,抱怨,中
物业联合交警整治乱停车，秩序明显改善,交通管理,表扬,中
快递驿站占用公共通道，影响通行,安全治理,抱怨,低
社区定期举办健康讲座，居民受益匪浅,文化生活,表扬,低
楼道墙面小广告泛滥，清理不及时,环境卫生,抱怨,低
物业为行动不便老人提供上门服务,民生服务,表扬,低
小区内机动车超速行驶，威胁行人安全,安全治理,抱怨,高
垃圾分类点布局不合理，距离住宅太近,环境卫生,抱怨,中
物业协助调解邻里噪音纠纷，促进和谐,民生服务,表扬,低
儿童游乐区地面硬化，摔倒易受伤,安全治理,抱怨,中
社区开展反诈宣传，提高居民防范意识,安全治理,表扬,低
电动车充电口损坏率高，使用体验差,安全治理,抱怨,中
物业在寒潮前检修供暖系统，保障温暖过冬,民生服务,表扬,中
绿化带被踩踏成小路，缺乏引导标识,环境卫生,抱怨,低
社区举办邻里节，拉近居民距离,文化生活,表扬,低
楼道感应灯常坏，夜间摸黑上下楼,安全治理,抱怨,中
物业建立快速响应机制，报修30分钟内到场,民生服务,表扬,高
小区内施工噪音持续到深夜，影响休息,民生服务,抱怨,高
电梯频繁故障，多次困人，维修不及时,安全治理,抱怨,高
社区组织义务植树活动，美化环境,环境卫生,表扬,低
门禁系统失灵，陌生人随意进出,安全治理,抱怨,高
物业及时清理积雪，保障冬季出行安全,环境卫生,表扬,中
地下车库通风不畅，空气污浊,安全治理,抱怨,中
社区文艺汇演节目精彩，居民反响热烈,文化生活,表扬,低
楼道消防栓被杂物遮挡，紧急时无法使用,安全治理,抱怨,高
物业定期清洗外墙，保持小区整洁美观,环境卫生,表扬,低
健身器材区域照明不足，晚间无法使用,安全治理,抱怨,中
社区开展法律咨询活动，解决居民法律问题,文化生活,表扬,低
小区内烧烤摊油烟扰民，影响空气质量,环境卫生,抱怨,中
物业及时修复破损围栏，消除安全隐患,安全治理,表扬,中
儿童游乐场沙坑混入杂物，存在危险,安全治理,抱怨,中
社区组织老年人智能手机培训，很实用,文化生活,表扬,低
垃圾分类督导员态度恶劣，缺乏耐心,环境卫生,抱怨,中
物业协调解决停车位纠纷，公平公正,交通管理,表扬,低
楼道内电动车充电屡禁不止，火灾风险高,安全治理,抱怨,高
社区图书馆环境安静整洁，学习氛围好,文化生活,表扬,低
小区绿化病虫害严重，树木枯死,环境卫生,抱怨,中
物业及时更换老旧电线，消除用电隐患,安全治理,表扬,中
广场舞音乐音量过大，影响居民休息,文化生活,抱怨,中
物业建立业主微信群，沟通更便捷,民生服务,表扬,低
地下车库地面湿滑，多次发生摔倒事故,安全治理,抱怨,中
社区开展急救知识培训，提高自救能力,文化生活,表扬,低
垃圾清运车凌晨作业，噪音扰民,环境卫生,抱怨,中
物业协助安装充电桩，方便电动车用户,安全治理,表扬,中
小区内养犬不牵绳，存在安全隐患,安全治理,抱怨,中
社区组织观看红色电影，弘扬正能量,文化生活,表扬,低
楼道应急灯不亮，停电时很危险,安全治理,抱怨,中
物业定期消杀蚊虫，夏季蚊虫明显减少,环境卫生,表扬,低
小区内商铺占道经营，影响通行,安全治理,抱怨,中
社区开设四点半课堂，解决家长后顾之忧,文化生活,表扬,中
电梯内广告过多，影响乘坐体验,民生服务,抱怨,低
物业及时清理化粪池，消除异味,环境卫生,表扬,低
儿童游乐设施安全警示标识缺失,安全治理,抱怨,低
社区组织端午节龙舟比赛，气氛热烈,文化生活,表扬,低
楼道内堆放易燃物品，火灾隐患大,安全治理,抱怨,高
物业为小区安装监控摄像头，提升安全感,安全治理,表扬,低
垃圾分类点清洗不及时，地面脏污,环境卫生,抱怨,低
社区开展书法绘画比赛，丰富文化生活,文化生活,表扬,低
小区内乱拉电线充电，安全隐患严重,安全治理,抱怨,高
物业及时修复漏水管道，减少水资源浪费,安全治理,表扬,中
社区组织志愿者清扫落叶，环境更整洁,环境卫生,表扬,低
健身器材缺少使用说明，新手不会用,安全治理,抱怨,低
物业协助申请维修基金，解决大修问题,民生服务,表扬,中
小区内夜间照明不足，治安隐患大,安全治理,抱怨,中
社区开展亲子阅读活动，增进亲子关系,文化生活,表扬,低
垃圾投放点设置不合理，距离居民楼太远,环境卫生,抱怨,中
物业及时处理邻里纠纷，维护社区和谐,民生服务,表扬,低
电梯轿厢内卫生差，有异味,环境卫生,抱怨,低
社区组织中秋晚会，邻里团聚欢乐多,文化生活,表扬,低
消防通道被车辆占用，应急救援受阻,安全治理,抱怨,高
物业定期检查消防设施，确保完好有效,安全治理,表扬,低
小区内乱贴小广告，影响美观,环境卫生,抱怨,低
社区开展垃圾分类知识竞赛，寓教于乐,文化生活,表扬,低
楼道窗户破损，雨天漏水,安全治理,抱怨,中
物业为独居老人安装紧急呼叫装置,民生服务,表扬,低
小区内施工尘土飞扬，环境污染严重,环境卫生,抱怨,中
社区组织太极拳培训班，促进居民健康,文化生活,表扬,低
停车场道闸反应迟钝，经常砸车,安全治理,抱怨,中
物业及时清理僵尸车，释放停车资源,交通管理,表扬,中
小区内烧烤摊噪音扰民，持续到深夜,文化生活,抱怨,中
社区开展消防安全演练，提高应急能力,安全治理,表扬,低
垃圾分类桶数量不足，经常满溢,环境卫生,抱怨,中
物业协调安装健身器材，满足居民需求,安全治理,表扬,低
小区内养鸽扰民，羽毛粪便污染环境,环境卫生,抱怨,中
社区组织元宵灯会，传统节日氛围浓,文化生活,表扬,低
楼道防盗门损坏，无法正常关闭,安全治理,抱怨,中
物业及时修复破损路面，保障出行安全,安全治理,表扬,中
小区内商业广告过多，影响居住品质,民生服务,抱怨,低
社区开展邻里互助活动，共建和谐社区,文化生活,表扬,低
地下车库手机信号差，紧急时无法联系,安全治理,抱怨,中
物业定期组织业主座谈会，听取意见,民生服务,表扬,低
小区内乱搭晾衣绳，影响美观,环境卫生,抱怨,低
社区组织志愿者巡逻，提升安全感,安全治理,表扬,低
健身器材安装位置不合理，占用活动空间,安全治理,抱怨,中
物业及时处理水管爆裂，减少损失,安全治理,表扬,高
小区内KTV噪音扰民，影响休息,文化生活,抱怨,中
社区开展环保宣传活动，提高环保意识,环境卫生,表扬,低
楼道电表箱门损坏，存在触电风险,安全治理,抱怨,中
物业协助办理房产证，服务周到,民生服务,表扬,低
小区内废品回收点脏乱差，影响环境,环境卫生,抱怨,中
社区组织端午节民俗体验活动，传承文化,文化生活,表扬,低
消防设施被挪用，紧急时无法使用,安全治理,抱怨,高
物业及时清理排水沟，防止内涝,环境卫生,表扬,中
小区内棋牌室通宵营业，噪音扰民,文化生活,抱怨,中
社区开展防诈骗讲座，保护居民财产安全,安全治理,表扬,低
垃圾分类宣传不到位，居民分类意识差,环境卫生,抱怨,低
物业协调安装快递柜，方便居民取件,安全治理,表扬,低
小区内烧烤摊卫生条件差，食品安全堪忧,环境卫生,抱怨,中
社区组织重阳节敬老活动，弘扬传统美德,文化生活,表扬,低
楼道内停放自行车，堵塞通道,安全治理,抱怨,中
物业及时修复电梯故障，保障出行,安全治理,表扬,高
小区内广告牌设置混乱，影响市容,环境卫生,抱怨,低
社区开展读书分享会，营造书香氛围,文化生活,表扬,低
地下车库坡度太陡，车辆容易刮底,安全治理,抱怨,中
物业定期清洗垃圾桶，保持清洁,环境卫生,表扬,低
小区内宠物医院异味扩散，影响周边住户,环境卫生,抱怨,中
社区组织春节联欢晚会，欢乐祥和,文化生活,表扬,低
楼道内电线杂乱，存在安全隐患,安全治理,抱怨,中
物业及时处理马蜂窝，消除安全隐患,安全治理,表扬,中
小区内早餐摊油烟直排，污染空气,环境卫生,抱怨,中
社区开展手工制作活动，培养动手能力,文化生活,表扬,低
健身器材维护不及时，部分无法使用,安全治理,抱怨,中
物业协助申请加装电梯补贴，减轻负担,安全治理,表扬,中
小区内建筑垃圾随意堆放，粉尘污染,环境卫生,抱怨,中
社区组织观看国庆升旗仪式，爱国情怀浓,文化生活,表扬,低
消防报警系统误报频繁，影响正常生活,安全治理,抱怨,中
物业及时清理枯枝落叶，消除火灾隐患,环境卫生,表扬,低
小区内培训机构噪音扰民，影响学习休息,文化生活,抱怨,中
社区开展交通安全宣传，提高安全意识,安全治理,表扬,低
垃圾分类积分兑换礼品单一，缺乏吸引力,环境卫生,抱怨,低
物业协调安装儿童游乐设施，满足需求,安全治理,表扬,低
小区内水果摊喇叭叫卖，噪音扰民,环境卫生,抱怨,中
社区组织端午节香囊制作活动，传统有趣,文化生活,表扬,低
楼道内燃气管道锈蚀，存在泄漏风险,安全治理,抱怨,高
物业及时修复破损井盖，保障安全,安全治理,表扬,中
小区内美容院广告灯箱过亮，光污染严重,环境卫生,抱怨,低
社区开展心理健康讲座，缓解压力,文化生活,表扬,低
地下车库排水不畅，雨天积水严重,安全治理,抱怨,中
物业定期修剪树木，消除安全隐患,环境卫生,表扬,低
小区内麻将馆通宵营业，噪音扰民,文化生活,抱怨,中
社区组织志愿者清理小广告，美化环境,环境卫生,表扬,低
健身器材区域缺少遮阳设施，夏季暴晒,安全治理,抱怨,低
物业及时处理邻里养犬纠纷，化解矛盾,民生服务,表扬,低
小区内烧烤店油烟净化不到位，污染环境,环境卫生,抱怨,中
社区组织中秋月饼制作活动，增进感情,文化生活,表扬,低
楼道内消防通道标识不清，紧急时难找,安全治理,抱怨,中
物业协助安装电动车充电桩，规范管理,安全治理,表扬,中
小区内理发店音响过大，影响休息,文化生活,抱怨,低
社区开展普法宣传活动，提高法律意识,文化生活,表扬,低
垃圾分类督导员工作时间不合理,环境卫生,抱怨,低
物业协调安装监控摄像头，提升安防,安全治理,表扬,低
小区内早餐店污水直排，污染环境,环境卫生,抱怨,中
社区组织端午节龙舟模型制作活动,文化生活,表扬,低
楼道内应急疏散指示牌损坏,安全治理,抱怨,中
物业及时清理化粪池溢出，恢复卫生,环境卫生,表扬,中
小区内培训机构占用公共区域,文化生活,抱怨,低
社区开展应急救援培训，实用性强,安全治理,表扬,低
垃圾分类宣传材料发放不到位,环境卫生,抱怨,低
物业协助安装门禁系统，提升安全,安全治理,表扬,低
小区内烧烤摊占用消防通道,安全治理,抱怨,高
社区组织春节庙会活动，年味十足,文化生活,表扬,低
楼道内弱电箱门锁损坏,安全治理,抱怨,低
物业及时修复破损围墙，防止外人进入,安全治理,表扬,中
小区内水果店喇叭广告噪音大,环境卫生,抱怨,中
社区开展亲子运动会，增进亲子感情,文化生活,表扬,低
健身器材安装地面不平整,安全治理,抱怨,中
物业协调解决停车难问题，效果明显,交通管理,表扬,中
小区内美容院垃圾乱扔，影响卫生,环境卫生,抱怨,低
社区组织重阳节登山活动，促进健康,文化生活,表扬,低
楼道内灭火器压力不足,安全治理,抱怨,中
物业及时清理排水管道，防止堵塞,环境卫生,表扬,低
小区内KTV隔音效果差，噪音扰民,文化生活,抱怨,中
社区开展防溺水宣传，保障暑期安全,安全治理,表扬,低
垃圾分类点清洗频率不够,环境卫生,抱怨,低
物业协助安装路灯，改善夜间照明,安全治理,表扬,低
小区内废品回收车占道作业,环境卫生,抱怨,中
社区组织端午节民俗文化展,文化生活,表扬,低
楼道内通风窗损坏，无法正常开关,安全治理,抱怨,低
物业及时处理电梯困人事件，救援迅速,安全治理,表扬,高
小区内广告公司噪音扰民,文化生活,抱怨,低
社区开展消防安全知识竞赛,安全治理,表扬,低
垃圾分类指导员专业知识不足,环境卫生,抱怨,低
物业协调安装儿童安全护栏,安全治理,表扬,低
小区内餐饮店油烟排放不达标,环境卫生,抱怨,中
社区组织中秋赏月活动，温馨浪漫,文化生活,表扬,低
楼道内安全出口指示灯不亮,安全治理,抱怨,中
物业及时修复漏水消防管道,安全治理,表扬,中
小区内培训机构散发传单扰民,文化生活,抱怨,低
社区开展防震减灾演练，提高应对能力,安全治理,表扬,低
垃圾分类积分系统经常故障,环境卫生,抱怨,低
物业协助安装公共座椅，方便休息,安全治理,表扬,低
小区内烧烤店卫生状况差,环境卫生,抱怨,中
社区组织春节游园活动，欢乐祥和,文化生活,表扬,低
楼道内配电箱门未关闭,安全治理,抱怨,中
物业及时清理化粪池，消除异味,环境卫生,表扬,低
小区内美容院顾客停车混乱,交通管理,抱怨,低
社区开展急救技能培训，实用有效,安全治理,表扬,低
垃圾分类宣传展板内容陈旧,环境卫生,抱怨,低
物业协调安装监控探头，无死角覆盖,安全治理,表扬,低
小区内水果店占道经营严重,环境卫生,抱怨,中
社区组织端午节文化讲座，增长知识,文化生活,表扬,低
楼道内弱电井门锁损坏,安全治理,抱怨,低
物业及时修复破损路面，保障安全,安全治理,表扬,中
小区内培训机构音响声音过大,文化生活,抱怨,中
社区开展交通安全体验活动,安全治理,表扬,低
垃圾分类督导员态度冷漠,环境卫生,抱怨,低
物业协助安装健身路径，方便锻炼,安全治理,表扬,低
小区内餐饮店污水乱排,环境卫生,抱怨,中
社区组织重阳节文艺汇演，敬老爱老,文化生活,表扬,低
楼道内消防栓漏水,安全治理,抱怨,中
物业及时清理排水口，防止积水,环境卫生,表扬,低
小区内KTV低音炮震动扰民,文化生活,抱怨,中
社区开展防诈骗情景演练,安全治理,表扬,低
垃圾分类点蚊虫滋生严重,环境卫生,抱怨,中
物业协调安装电动车充电棚,安全治理,表扬,中
小区内水果摊垃圾随地丢弃,环境卫生,抱怨,中
社区组织春节联欢活动，热闹非凡,文化生活,表扬,低
楼道内电缆杂乱无章,安全治理,抱怨,中
物业及时修复破损井盖，消除隐患,安全治理,表扬,中
小区内美容院空调外机噪音大,文化生活,抱怨,低
社区开展消防安全疏散演练,安全治理,表扬,低
垃圾分类宣传单发放不及时,环境卫生,抱怨,低
物业协助安装公共晾衣架,安全治理,表扬,低
小区内餐饮店油烟扰民严重,环境卫生,抱怨,中
社区组织中秋灯谜活动，趣味十足,文化生活,表扬,低
楼道内应急照明灯失效,安全治理,抱怨,中
物业及时清理化粪池，改善环境,环境卫生,表扬,低
小区内培训机构占用消防通道,安全治理,抱怨,高
社区开展应急救援知识普及,安全治理,表扬,低
垃圾分类积分兑换点设置不合理,环境卫生,抱怨,低
物业协调安装门禁摄像头,安全治理,表扬,低
小区内烧烤店顾客喧哗扰民,文化生活,抱怨,中
社区组织春节传统文化体验,文化生活,表扬,低
楼道内电表箱锁具损坏,安全治理,抱怨,低
物业及时修复破损护栏，保障安全,安全治理,表扬,中
小区内水果店冷链机噪音大,环境卫生,抱怨,中
社区开展亲子阅读分享会,文化生活,表扬,低
健身器材安全警示牌缺失,安全治理,抱怨,低
物业协调解决停车纠纷，公平合理,交通管理,表扬,低
小区内美容院化学气味扩散,环境卫生,抱怨,中
社区组织重阳节茶话会，温馨和谐,文化生活,表扬,低
楼道内消防通道被杂物堵塞,安全治理,抱怨,高
物业及时清理排水系统，防止内涝,环境卫生,表扬,中
小区内KTV音响低频扰民,文化生活,抱怨,中
社区开展防溺水安全宣传,安全治理,表扬,低
垃圾分类督导员巡查不到位,环境卫生,抱怨,低
物业协助安装公共饮水机,安全治理,表扬,低
小区内餐饮店厨余垃圾处理不当,环境卫生,抱怨,中
社区组织端午节民俗体验,文化生活,表扬,低
楼道内弱电间卫生状况差,安全治理,抱怨,低
物业及时修复电梯故障，恢复正常,安全治理,表扬,高
小区内培训机构晚间授课扰民,文化生活,抱怨,中
社区开展消防安全知识讲座,安全治理,表扬,低
垃圾分类宣传覆盖面不够广,环境卫生,抱怨,低
物业协调安装儿童游乐设施,安全治理,表扬,低
小区内水果店果皮乱扔,环境卫生,抱怨,中
社区组织中秋文艺晚会，精彩纷呈,文化生活,表扬,低
楼道内配电箱警示标识模糊,安全治理,抱怨,低
物业及时清理化粪池外溢,环境卫生,表扬,中
小区内美容院顾客停车不规范,交通管理,抱怨,低
社区开展急救技能实操培训,安全治理,表扬,低
垃圾分类积分系统操作复杂,环境卫生,抱怨,低
物业协助安装公共监控系统,安全治理,表扬,低
小区内烧烤店油烟排放超标,环境卫生,抱怨,中
社区组织春节民俗文化展,文化生活,表扬,低
楼道内弱电井积水,安全治理,抱怨,中
物业及时修复破损人行道,安全治理,表扬,中
小区内培训机构空调外机噪音,文化生活,抱怨,低
社区开展交通安全警示教育,安全治理,表扬,低
垃圾分类督导员服务态度差,环境卫生,抱怨,低
物业协调安装健身器材,安全治理,表扬,低
小区内餐饮店污水管道堵塞,环境卫生,抱怨,中
社区组织重阳节慰问活动,文化生活,表扬,低
楼道内消防设施检查记录缺失,安全治理,抱怨,中
物业及时清理排水沟淤泥,环境卫生,表扬,低
小区内KTV隔音设施不完善,文化生活,抱怨,中
社区开展防诈骗知识竞赛,安全治理,表扬,低
垃圾分类点清洁不及时,环境卫生,抱怨,低
物业协助安装电动车充电桩,安全治理,表扬,中
小区内水果店占用人行道,环境卫生,抱怨,中
社区组织端午节文化传承活动,文化生活,表扬,低
楼道内电缆井门锁损坏,安全治理,抱怨,低
物业及时修复电梯困人故障,安全治理,表扬,高
小区内美容院音乐声音过大,文化生活,抱怨,低
社区开展消防安全实战演练,安全治理,表扬,低
垃圾分类宣传材料内容过时,环境卫生,抱怨,低
物业协调安装公共休闲座椅,安全治理,表扬,低
小区内餐饮店油烟净化器故障,环境卫生,抱怨,中
社区组织中秋传统文化体验,文化生活,表扬,低
楼道内应急疏散图破损,安全治理,抱怨,低
物业及时清理化粪池异味,环境卫生,表扬,低
小区内培训机构晚间灯光扰民,文化生活,抱怨,低
社区开展应急救援模拟演练,安全治理,表扬,低
垃圾分类积分兑换程序繁琐,环境卫生,抱怨,低
物业协助安装门禁系统升级,安全治理,表扬,低
小区内烧烤店顾客停车混乱,交通管理,抱怨,低
社区组织春节文艺汇演,文化生活,表扬,低
楼道内电表箱通风口堵塞,安全治理,抱怨,低
物业及时修复破损车行道,安全治理,表扬,中
小区内水果店冷藏设备噪音,环境卫生,抱怨,中
社区开展亲子手工制作活动,文化生活,表扬,低
健身器材维护保养记录不全,安全治理,抱怨,低
物业协调解决停车位分配,交通管理,表扬,低
小区内美容院装修粉尘污染,环境卫生,抱怨,中
社区组织重阳节健康讲座,文化生活,表扬,低
楼道内消防通道标识脱落,安全治理,抱怨,低
物业及时清理排水系统,环境卫生,表扬,低
小区内KTV低音震动扰民,文化生活,抱怨,中
社区开展防溺水实战演练,安全治理,表扬,低
垃圾分类督导员专业知识欠缺,环境卫生,抱怨,低
物业协助安装公共信息栏,安全治理,表扬,低
小区内餐饮店厨余垃圾外溢,环境卫生,抱怨,中
社区组织端午节民俗展示,文化生活,表扬,低
楼道内弱电间通风不良,安全治理,抱怨,低
物业及时修复电梯运行异常,安全治理,表扬,中
小区内培训机构广告牌灯光刺眼,文化生活,抱怨,低
社区开展消防安全知识普及,安全治理,表扬,低
垃圾分类宣传效果不理想,环境卫生,抱怨,低
物业协调安装儿童安全设施,安全治理,表扬,低
小区内水果店果核随地丢弃,环境卫生,抱怨,中
社区组织中秋诗词朗诵会,文化生活,表扬,低
楼道内配电箱防护罩缺失,安全治理,抱怨,中
物业及时清理化粪池堵塞,环境卫生,表扬,中
小区内美容院顾客喧哗,文化生活,抱怨,低
社区开展急救知识技能培训,安全治理,表扬,低
垃圾分类积分系统不稳定,环境卫生,抱怨,低
物业协助安装安防监控设备,安全治理,表扬,低
小区内烧烤店营业至深夜,文化生活,抱怨,中
社区组织春节传统文化讲座,文化生活,表扬,低
楼道内弱电井门变形,安全治理,抱怨,低
物业及时修复破损公共设施,安全治理,表扬,中
小区内培训机构占用公共资源,文化生活,抱怨,低
社区开展交通安全宣传周,安全治理,表扬,低
垃圾分类督导员巡查频次不足,环境卫生,抱怨,低
物业协调安装便民服务设施,安全治理,表扬,低
小区内餐饮店排风扇噪音大,环境卫生,抱怨,中
社区组织重阳节歌舞表演,文化生活,表扬,低
楼道内消防设施维护不到位,安全治理,抱怨,中
物业及时清理排水管道,环境卫生,表扬,低
小区内KTV音响设备老旧,文化生活,抱怨,中
社区开展防诈骗实战演练,安全治理,表扬,低
垃圾分类点卫生状况差,环境卫生,抱怨,中
物业协助安装电动车充电设施,安全治理,表扬,中
小区内水果店经营秩序混乱,环境卫生,抱怨,中
社区组织端午节龙舟文化展,文化生活,表扬,低
楼道内电缆井积水严重,安全治理,抱怨,中
物业及时修复电梯控制系统,安全治理,表扬,高
小区内美容院营业时间过长,文化生活,抱怨,低
社区开展消防安全隐患排查,安全治理,表扬,低
垃圾分类宣传方式单一,环境卫生,抱怨,低
物业协调安装公共健身器材,安全治理,表扬,低
小区内餐饮店油烟处理不当,环境卫生,抱怨,中
社区组织中秋民俗文化体验,文化生活,表扬,低
楼道内应急照明系统故障,安全治理,抱怨,中
物业及时清理化粪池污物,环境卫生,表扬,中
小区内培训机构管理不规范,文化生活,抱怨,低
社区开展应急救援知识竞赛,安全治理,表扬,低
垃圾分类积分兑换机制不合理,环境卫生,抱怨,低
物业协助安装智能门禁系统,安全治理,表扬,低
小区内烧烤店卫生监管不到位,环境卫生,抱怨,中
社区组织春节联欢晚会筹备,文化生活,表扬,低
楼道内电表箱标识不清,安全治理,抱怨,低
物业及时修复破损公共区域,安全治理,表扬,中
小区内水果店环境脏乱差,环境卫生,抱怨,中
社区开展亲子科普教育活动,文化生活,表扬,低
健身器材使用说明缺失,安全治理,抱怨,低
物业协调解决交通管理问题,交通管理,表扬,中
小区内美容院垃圾分类不规范,环境卫生,抱怨,低
社区组织重阳节敬老慰问,文化生活,表扬,低
楼道内消防通道畅通度差,安全治理,抱怨,中
物业及时清理排水设施,环境卫生,表扬,低
小区内KTV隔音效果不佳,文化生活,抱怨,中
社区开展防溺水安全培训,安全治理,表扬,低
垃圾分类督导员培训不足,环境卫生,抱怨,低
物业协助安装公共便民设施,安全治理,表扬,低
小区内餐饮店污水排放超标,环境卫生,抱怨,中
社区组织端午节传统文化传承,文化生活,表扬,低
楼道内弱电间管理混乱,安全治理,抱怨,低
物业及时修复电梯安全装置,安全治理,表扬,高
小区内培训机构扰民问题突出,文化生活,抱怨,中
社区开展消防安全宣传教育,安全治理,表扬,低
垃圾分类宣传工作不到位,环境卫生,抱怨,低
物业协调安装儿童娱乐设施,安全治理,表扬,低
小区内水果店经营扰民,环境卫生,抱怨,中
社区组织中秋文化主题活动,文化生活,表扬,低
楼道内配电箱安全警示缺失,安全治理,抱怨,中
物业及时清理化粪池问题,环境卫生,表扬,中
小区内美容院顾客管理不善,文化生活,抱怨,低
社区开展急救技能提升培训,安全治理,表扬,低
垃圾分类积分系统维护不及时,环境卫生,抱怨,低
物业协助安装安防系统升级,安全治理,表扬,低
小区内烧烤店夜间经营扰民,文化生活,抱怨,中
社区组织春节文化展示活动,文化生活,表扬,低
楼道内弱电井维护不到位,安全治理,抱怨,低
物业及时修复公共设施损坏,安全治理,表扬,中
小区内培训机构占用公共空间,文化生活,抱怨,低
社区开展交通安全知识普及,安全治理,表扬,低
垃圾分类督导员责任心不强,环境卫生,抱怨,低
物业协调安装便民服务设备,安全治理,表扬,低
小区内餐饮店环境卫生差,环境卫生,抱怨,中
社区组织重阳节文化讲座,文化生活,表扬,低
楼道内消防设施完好率低,安全治理,抱怨,中
物业及时清理排水系统维护,环境卫生,表扬,低
小区内KTV经营管理不规范,文化生活,抱怨,中
社区开展防诈骗技能培训,安全治理,表扬,低
垃圾分类点管理混乱,环境卫生,抱怨,中
物业协助安装电动车管理设施,安全治理,表扬,中
小区内水果店卫生状况堪忧,环境卫生,抱怨,中
社区组织端午节民俗文化生活,文化生活,表扬,低
楼道内电缆井安全管理缺失,安全治理,抱怨,中
物业及时修复电梯运行故障,安全治理,表扬,高
小区内美容院经营秩序混乱,文化生活,抱怨,低
社区开展消防安全综合整治,安全治理,表扬,低
垃圾分类宣传效果评估不足,环境卫生,抱怨,低
物业协调安装公共健身设备,安全治理,表扬,低
小区内餐饮店油烟污染严重,环境卫生,抱怨,中
社区组织中秋传统文化展示,文化生活,表扬,低
楼道内应急设施维护不善,安全治理,抱怨,中
物业及时清理化粪池维护,环境卫生,表扬,中
小区内培训机构管理混乱,文化生活,抱怨,低
社区开展应急救援综合演练,安全治理,表扬,低
垃圾分类积分制度不合理,环境卫生,抱怨,低
物业协助安装智能安防系统,安全治理,表扬,低
小区内烧烤店经营管理不善,环境卫生,抱怨,中
社区组织春节文化庆典活动,文化生活,表扬,低
楼道内电表箱安全管理不到位,安全治理,抱怨,低
物业及时修复公共区域破损,安全治理,表扬,中
小区内水果店环境卫生管理差,环境卫生,抱怨,中
社区开展亲子文化体验活动,文化生活,表扬,低
健身器材安全维护不及时,安全治理,抱怨,中
物业协调解决停车秩序问题,交通管理,表扬,中
小区内美容院垃圾处理不当,环境卫生,抱怨,低
社区组织重阳节敬老文化生活,文化生活,表扬,低
楼道内消防通道管理不规范,安全治理,抱怨,中
物业及时清理排水系统问题,环境卫生,表扬,低
小区内KTV环境管理混乱,文化生活,抱怨,中
社区开展防溺水综合整治,安全治理,表扬,低
垃圾分类督导员管理不到位,环境卫生,抱怨,低
物业协助安装公共便民服务,安全治理,表扬,低
小区内餐饮店卫生监管缺失,环境卫生,抱怨,中
社区组织端午节文化推广活动,文化生活,表扬,低
楼道内弱电间环境卫生差,安全治理,抱怨,低
物业及时修复电梯安全故障,安全治理,表扬,高
小区内培训机构环境扰民,文化生活,抱怨,中
社区开展消防安全综合治理,安全治理,表扬,低
垃圾分类宣传工作效果差,环境卫生,抱怨,低
物业协调安装儿童活动设施,安全治理,表扬,低
小区内水果店经营环境混乱,环境卫生,抱怨,中
社区组织中秋文化传承活动,文化生活,表扬,低
楼道内配电箱安全管理混乱,安全治理,抱怨,中
物业及时清理化粪池环境问题,环境卫生,表扬,中
小区内美容院环境管理不善,文化生活,抱怨,低
社区开展急救知识普及活动,安全治理,表扬,低
垃圾分类积分系统管理混乱,环境卫生,抱怨,低
物业协助安装智能门禁管理,安全治理,表扬,低
小区内烧烤店环境管理混乱,环境卫生,抱怨,中
社区组织春节传统文化推广,文化生活,表扬,低
楼道内弱电井环境管理差,安全治理,抱怨,低
物业及时修复公共设施管理,安全治理,表扬,中
小区内培训机构管理不规范,文化生活,抱怨,低
社区开展交通安全综合治理,安全治理,表扬,低
垃圾分类督导员工作不到位,环境卫生,抱怨,低
物业协调安装便民设施管理,安全治理,表扬,低
小区内餐饮店环境管理混乱,环境卫生,抱怨,中
社区组织重阳节文化传承活动,文化生活,表扬,低
楼道内消防设施管理不规范,安全治理,抱怨,中
物业及时清理排水系统管理,环境卫生,表扬,低
小区内KTV经营管理混乱,文化生活,抱怨,中
社区开展防诈骗综合治理,安全治理,表扬,低
垃圾分类点环境管理混乱,环境卫生,抱怨,中
物业协助安装电动车充电管理,安全治理,表扬,中
小区内水果店环境管理混乱,环境卫生,抱怨,中
社区组织端午节文化管理活动,文化生活,表扬,低
楼道内电缆井环境管理差,安全治理,抱怨,中
物业及时修复电梯运行管理,安全治理,表扬,高
小区内美容院经营管理混乱,文化生活,抱怨,低
社区开展消防安全管理活动,安全治理,表扬,低
垃圾分类宣传管理不到位,环境卫生,抱怨,低
物业协调安装公共健身管理,安全治理,表扬,低
小区内餐饮店油烟管理混乱,环境卫生,抱怨,中
社区组织中秋文化管理活动,文化生活,表扬,低
楼道内应急设施管理不规范,安全治理,抱怨,中
物业及时清理化粪池管理,环境卫生,表扬,中
小区内培训机构经营管理混乱,文化生活,抱怨,低
社区开展应急救援管理活动,安全治理,表扬,低
垃圾分类积分管理不合理,环境卫生,抱怨,低
物业协助安装安防系统管理,安全治理,表扬,低
小区内烧烤店经营管理混乱,环境卫生,抱怨,中
社区组织春节文化管理活动,文化生活,表扬,低
楼道内电表箱管理不规范,安全治理,抱怨,低
物业及时修复公共区域管理,安全治理,表扬,中
小区内水果店经营管理混乱,环境卫生,抱怨,中
社区开展亲子文化管理活动,文化生活,表扬,低
健身器材维护管理不到位,安全治理,抱怨,中
物业协调解决交通管理混乱,交通管理,表扬,中
小区内美容院垃圾管理混乱,环境卫生,抱怨,低
社区组织重阳节文化管理活动,文化生活,表扬,低
楼道内消防通道管理混乱,安全治理,抱怨,中
物业及时清理排水管理问题,环境卫生,表扬,低
小区内KTV环境管理混乱,文化生活,抱怨,中
社区开展防溺水管理活动,安全治理,表扬,低
垃圾分类督导员管理混乱,环境卫生,抱怨,低
物业协助安装便民服务管理,安全治理,表扬,低
小区内餐饮店卫生管理混乱,环境卫生,抱怨,中
社区组织端午节文化治理活动,文化生活,表扬,低
text,category,emotion,urgency
社区党群服务中心办事效率高，工作人员服务热情周到,民生服务,表扬,低
社区老年食堂菜品丰富，价格实惠，深受老年人欢迎,民生服务,表扬,低
社区卫生服务站医生专业耐心，方便居民就近就医,医疗卫生,表扬,低
社区网格员定期走访独居老人，及时了解生活需求,民生服务,表扬,低
社区新时代文明实践站活动丰富多彩，居民参与积极,文化生活,表扬,低
社区退役军人服务站帮扶到位，解决实际困难,民生服务,表扬,低
社区志愿者队伍组织有序，在疫情防控中发挥重要作用,民生服务,表扬,低
社区矛盾纠纷调解室专业公正，化解邻里纠纷,社区治理,表扬,低
社区便民服务中心一站式服务，办事便捷高效,社区治理,表扬,低
社区残疾人康复站设施完善，服务贴心周到,民生服务,表扬,低
社区微型消防站配备齐全，应急处置能力强,安全治理,表扬,低
社区智慧养老平台功能完善，方便老年人生活,民生服务,表扬,低
社区儿童之家环境温馨，活动内容丰富,民生服务,表扬,低
社区红色书屋藏书丰富，阅读氛围浓厚,文化生活,表扬,低
社区科普教育基地设备先进，科普效果好,文化生活,表扬,低
社区文化广场设施完善，居民休闲娱乐好去处,安全治理,表扬,低
社区健身路径维护良好，满足居民锻炼需求,安全治理,表扬,低
社区电动车集中充电桩安全方便，管理规范,安全治理,表扬,低
社区垃圾分类示范点运行规范，分类效果显著,环境卫生,表扬,低
社区雨污分流改造工程质量好，改善居住环境,安全治理,表扬,低
社区口袋公园设计精美，提升社区品质,环境卫生,表扬,低
社区智能安防系统运行稳定，安全保障有力,安全治理,表扬,低
社区电动车智能充电桩使用便捷，安全可靠,安全治理,表扬,低
社区便民菜市场管理规范，菜品新鲜价格公道,民生服务,表扬,低
社区四点半课堂管理有序，解决家长后顾之忧,民生服务,表扬,低
社区党群服务中心办事流程复杂，需要多次跑腿,社区治理,抱怨,中
社区老年食堂菜品单一，不符合老年人口味,民生服务,抱怨,低
社区卫生服务站药品不全，经常需要外出购药,医疗卫生,抱怨,中
社区网格员走访流于形式，未能真正解决问题,民生服务,抱怨,低
社区新时代文明实践站活动形式单一，缺乏吸引力,文化生活,抱怨,低
社区退役军人服务站帮扶政策宣传不到位,民生服务,抱怨,低
社区志愿者队伍管理松散，服务效果不明显,民生服务,抱怨,低
社区矛盾纠纷调解室调解效率低，问题久拖不决,社区治理,抱怨,中
社区便民服务中心窗口设置不合理，排队时间长,社区治理,抱怨,中
社区残疾人康复站开放时间短，无法满足需求,民生服务,抱怨,低
社区微型消防站设备维护不及时，存在安全隐患,安全治理,抱怨,中
社区智慧养老平台操作复杂，老年人使用困难,民生服务,抱怨,低
社区儿童之家活动空间不足，设施陈旧,民生服务,抱怨,低
社区红色书屋开放时间不固定，借阅不便,文化生活,抱怨,低
社区科普教育基地设备老化，体验效果差,文化生活,抱怨,低
社区文化广场照明不足，晚间活动受限,安全治理,抱怨,中
社区健身器材损坏维修不及时，存在安全隐患,安全治理,抱怨,中
社区电动车充电桩数量不足，充电排队时间长,安全治理,抱怨,中
社区垃圾分类点设置不合理，距离居民楼太近,环境卫生,抱怨,中
社区雨污分流工程施工时间长，影响居民出行,安全治理,抱怨,中
社区口袋公园维护不到位，环境卫生差,环境卫生,抱怨,低
社区智能安防系统经常误报，影响正常生活,安全治理,抱怨,低
社区电动车充电桩管理混乱，存在安全隐患,安全治理,抱怨,中
社区便民菜市场环境卫生差，管理不规范,环境卫生,抱怨,中
社区四点半课堂师资力量不足，教学质量不高,民生服务,抱怨,低
社区主干道乱停车现象严重，影响交通通行,交通管理,抱怨,中
社区商业街商铺占道经营，阻碍行人通行,环境卫生,抱怨,中
社区在建工地夜间施工，噪音扰民严重,社区治理,抱怨,高
社区广场舞音响音量过大，影响居民休息,社区治理,抱怨,中
社区宠物医院医疗废物处理不当，存在卫生隐患,环境卫生,抱怨,中
社区教育培训机构宣传扰民，影响居民生活,环境卫生,抱怨,低
社区餐饮店油烟排放超标，污染空气质量,环境卫生,抱怨,中
社区美容院顾客停车混乱，堵塞消防通道,交通管理,抱怨,中
社区水果店喇叭叫卖声过大，噪音扰民,社区治理,抱怨,低
社区便利店占用人行道经营，影响行人通行,环境卫生,抱怨,低
社区药店夜间广告灯箱过亮，光污染严重,环境卫生,抱怨,低
社区洗衣店化学试剂气味扩散，影响周边住户,环境卫生,抱怨,中
社区网吧通宵营业，人员嘈杂影响休息,社区治理,抱怨,中
社区健身房音乐声音过大，低频震动扰民,社区治理,抱怨,中
社区咖啡厅外摆区域管理混乱，影响市容,环境卫生,抱怨,低
社区书店占道摆放图书，阻碍行人通行,环境卫生,抱怨,低
社区花店浇水污水横流，影响环境卫生,环境卫生,抱怨,低
社区理发店音响音量过大，影响周边住户,社区治理,抱怨,低
社区银行ATM机区域照明不足，存在安全隐患,安全治理,抱怨,中
社区邮局快递堆放混乱，影响通行,环境卫生,抱怨,低
社区电信营业厅排队系统故障，办事效率低,社区治理,抱怨,低
社区移动营业厅宣传单随意散发，影响环境,环境卫生,抱怨,低
社区联通营业厅夜间灯箱过亮，影响居民休息,环境卫生,抱怨,低
社区供电营业厅服务窗口少，等待时间长,社区治理,抱怨,中
社区供水营业厅缴费系统经常故障,社区治理,抱怨,低
社区供气营业厅安全宣传不到位,安全治理,抱怨,低
社区供热营业厅投诉处理效率低,社区治理,抱怨,中
社区行政服务中心办事指南不清晰,社区治理,抱怨,低
社区司法所法律援助宣传不到位,民生服务,抱怨,低
社区派出所巡逻频次不足，治安隐患大,安全治理,抱怨,中
社区消防站应急响应速度慢,安全治理,抱怨,高
社区市场监管所对商铺监管不到位,环境卫生,抱怨,中
社区城管执法队对占道经营整治不力,环境卫生,抱怨,中
社区环卫所垃圾清运不及时，堆积严重,环境卫生,抱怨,中
社区园林所绿化养护不到位，树木枯死,环境卫生,抱怨,低
社区住建部门对违建查处不力,社区治理,抱怨,中
社区教育部门对培训机构监管缺失,民生服务,抱怨,低
社区卫健部门疫情防控指导不到位,医疗卫生,抱怨,中
社区民政部门困难群众帮扶不及时,民生服务,抱怨,中
社区人社部门就业服务信息更新慢,社区治理,抱怨,低
社区医保部门政策宣传不到位,医疗卫生,抱怨,低
社区残联残疾人服务不够细致,民生服务,抱怨,低
社区工会职工服务活动少,民生服务,抱怨,低
社区共青团青少年活动缺乏创新,文化生活,抱怨,低
社区妇联妇女权益保护宣传不够,民生服务,抱怨,低
社区侨联为侨服务工作不到位,民生服务,抱怨,低
社区台联对台胞服务不够贴心,民生服务,抱怨,低
社区工商联对企业服务不够主动,社区治理,抱怨,低
社区科协科普活动形式单一,文化生活,抱怨,低
社区文联文艺活动缺乏特色,文化生活,抱怨,低
社区作协文学创作氛围不浓,文化生活,抱怨,低
社区记协新闻宣传工作不到位,文化生活,抱怨,低
社区红十字会应急救护培训少,医疗卫生,抱怨,低
社区慈善协会募捐活动透明度不够,民生服务,抱怨,低
社区志愿者协会组织管理不规范,民生服务,抱怨,低
社区老年协会活动内容单一,民生服务,抱怨,低
社区残疾人协会帮扶措施不够,民生服务,抱怨,低
社区妇女协会维权服务不到位,民生服务,抱怨,低
社区青少年协会活动缺乏吸引力,文化生活,抱怨,低
社区儿童协会关爱活动不够,民生服务,抱怨,低
社区业主委员会履职不到位,社区治理,抱怨,中
社区物业公司服务响应慢,民生服务,抱怨,中
社区业委会与物业沟通不畅,社区治理,抱怨,中
社区居委会工作效率低,社区治理,抱怨,中
社区工作站人员服务态度差,社区治理,抱怨,低
社区综治中心矛盾调解效果差,社区治理,抱怨,中
社区警务室治安巡逻不到位,安全治理,抱怨,中
社区消防工作室设备维护差,安全治理,抱怨,中
社区法律援助中心服务不够专业,民生服务,抱怨,低
社区心理咨询室开放时间短,医疗卫生,抱怨,低
社区就业服务中心岗位信息少,社区治理,抱怨,低
社区社保服务中心办事流程复杂,社区治理,抱怨,中
社区医保服务中心报销速度慢,医疗卫生,抱怨,中
社区不动产登记中心等待时间长,社区治理,抱怨,中
社区税务分局政策解读不清晰,社区治理,抱怨,低
社区工商所企业注册效率低,社区治理,抱怨,中
社区质监所商品质量监管不到位,环境卫生,抱怨,低
社区安监所安全检查流于形式,安全治理,抱怨,中
社区食药监所食品安全监管不力,医疗卫生,抱怨,中
社区环保所环境污染治理不到位,环境卫生,抱怨,中
社区统计所数据发布不及时,社区治理,抱怨,低
社区档案室查询服务不方便,社区治理,抱怨,低
社区图书馆借阅系统经常故障,文化生活,抱怨,低
社区博物馆展览内容更新慢,文化生活,抱怨,低
社区美术馆开放时间不合理,文化生活,抱怨,低
社区科技馆设备维护不到位,文化生活,抱怨,低
社区体育馆设施老化严重,安全治理,抱怨,中
社区游泳馆水质检测不严格,医疗卫生,抱怨,中
社区健身房器材损坏维修慢,安全治理,抱怨,中
社区舞蹈室隔音效果差,社区治理,抱怨,中
社区音乐室使用管理混乱,文化生活,抱怨,低
社区书画室材料供应不足,文化生活,抱怨,低
社区棋牌室环境卫生差,环境卫生,抱怨,低
社区茶室经营秩序混乱,环境卫生,抱怨,低
社区咖啡厅噪音扰民问题突出,社区治理,抱怨,中
社区餐厅油烟净化设备故障,环境卫生,抱怨,中
社区酒店安全管理不到位,安全治理,抱怨,中
社区宾馆卫生条件差,环境卫生,抱怨,中
社区旅馆登记管理不规范,安全治理,抱怨,中
社区民宿消防安全隐患大,安全治理,抱怨,高
社区招待所服务质量差,民生服务,抱怨,低
社区度假村设施维护不到位,安全治理,抱怨,中
社区旅游景点管理混乱,环境卫生,抱怨,中
社区公园环境卫生差,环境卫生,抱怨,低
社区广场设施损坏严重,安全治理,抱怨,中
社区绿地养护不到位,环境卫生,抱怨,低
社区花园景观维护差,环境卫生,抱怨,低
社区林地防火措施不足,安全治理,抱怨,高
社区水域安全管理不到位,安全治理,抱怨,中
社区山体滑坡隐患未治理,安全治理,抱怨,高
社区地质灾害防治不力,安全治理,抱怨,高
社区防洪设施维护不到位,安全治理,抱怨,中
社区防涝工程效果不佳,安全治理,抱怨,中
社区抗震设施检查不及时,安全治理,抱怨,中
社区消防设施配备不足,安全治理,抱怨,高
社区安防监控覆盖不全,安全治理,抱怨,中
社区门禁系统经常故障,安全治理,抱怨,中
社区巡逻制度执行不严,安全治理,抱怨,中
社区应急预案不完善,安全治理,抱怨,中
社区应急演练效果差,安全治理,抱怨,低
社区应急救援力量不足,安全治理,抱怨,高
社区应急物资储备不够,安全治理,抱怨,中
社区应急指挥系统不健全,安全治理,抱怨,中
社区应急通信保障不到位,安全治理,抱怨,高
社区应急疏散通道堵塞,安全治理,抱怨,高
社区应急避难场所设施不全,安全治理,抱怨,中
社区应急照明系统故障,安全治理,抱怨,中
社区应急广播系统覆盖不全,安全治理,抱怨,中
社区应急供水保障不足,民生服务,抱怨,高
社区应急供电设备老化,安全治理,抱怨,高
社区应急医疗资源紧张,医疗卫生,抱怨,高
社区应急食品储备不足,民生服务,抱怨,中
社区应急住宿条件差,民生服务,抱怨,中
社区应急运输能力不足,交通管理,抱怨,中
社区应急维修力量薄弱,安全治理,抱怨,中
社区应急保洁服务不到位,环境卫生,抱怨,中
社区应急安保力量不足,安全治理,抱怨,高
社区应急通讯联络不畅,安全治理,抱怨,高
社区应急信息发布不及时,文化生活,抱怨,中
社区应急心理疏导缺失,医疗卫生,抱怨,低
社区应急民生服务不够,民生服务,抱怨,低
社区应急金融服务不足,社区治理,抱怨,低
社区应急保险理赔困难,社区治理,抱怨,中
社区应急捐赠管理混乱,民生服务,抱怨,中
社区应急志愿者组织不力,民生服务,抱怨,中
社区应急专业队伍缺乏,安全治理,抱怨,高
社区应急培训演练不足,安全治理,抱怨,中
社区应急评估机制缺失,安全治理,抱怨,低
社区应急改进措施不力,安全治理,抱怨,中
社区智慧管理平台功能不全,社区治理,抱怨,低
社区大数据分析应用不足,社区治理,抱怨,低
社区物联网设备维护差,安全治理,抱怨,中
社区云计算服务不稳定,社区治理,抱怨,低
社区人工智能应用场景少,社区治理,抱怨,低
社区区块链技术应用缺乏,社区治理,抱怨,低
社区5G网络覆盖不全,安全治理,抱怨,中
社区宽带网络速度慢,安全治理,抱怨,低
社区无线网络信号弱,安全治理,抱怨,低
社区智能家居推广困难,安全治理,抱怨,低
社区智能安防误报率高,安全治理,抱怨,低
社区智能停车系统故障多,交通管理,抱怨,中
社区智能门禁反应迟钝,安全治理,抱怨,中
社区智能快递柜经常满溢,安全治理,抱怨,中
社区智能充电桩维护不到位,安全治理,抱怨,中
社区智能垃圾桶清理不及时,环境卫生,抱怨,中
社区智能照明系统控制不灵,安全治理,抱怨,低
社区智能监控画面不清晰,安全治理,抱怨,低
社区智能广播音质差,文化生活,抱怨,低
社区智能显示屏内容更新慢,文化生活,抱怨,低
社区智能水表读数不准,安全治理,抱怨,低
社区智能电表故障频发,安全治理,抱怨,中
社区智能气表安装进度慢,安全治理,抱怨,中
社区智能热表计量不准确,安全治理,抱怨,低
社区智能消防系统响应慢,安全治理,抱怨,高
社区智能电梯运行不稳定,安全治理,抱怨,中
社区智能门锁安全性差,安全治理,抱怨,中
社区智能窗帘控制不灵敏,安全治理,抱怨,低
社区智能空调调节不精准,安全治理,抱怨,低
社区智能热水器水温不稳,安全治理,抱怨,低
社区智能冰箱功能故障,安全治理,抱怨,低
社区智能洗衣机维修困难,安全治理,抱怨,低
社区智能电视信号不稳定,安全治理,抱怨,低
社区智能音响音质差,安全治理,抱怨,低
社区智能灯具寿命短,安全治理,抱怨,低
社区智能插座安全性差,安全治理,抱怨,中
社区智能路由器信号弱,安全治理,抱怨,低
社区智能摄像头隐私泄露,安全治理,抱怨,高
社区智能门铃误报频繁,安全治理,抱怨,低
社区智能猫眼画面模糊,安全治理,抱怨,低
社区智能报警器灵敏度低,安全治理,抱怨,中
社区智能烟感器误报警,安全治理,抱怨,低
社区智能燃气报警器故障,安全治理,抱怨,高
社区智能水浸传感器不灵敏,安全治理,抱怨,中
社区智能门窗传感器误报,安全治理,抱怨,低
社区智能人体传感器不准,安全治理,抱怨,低
社区智能温度传感器偏差大,安全治理,抱怨,低
社区智能湿度传感器读数错,安全治理,抱怨,低
社区智能光照传感器不准确,安全治理,抱怨,低
社区智能空气质量传感器故障,安全治理,抱怨,低
社区智能噪音传感器灵敏度低,社区治理,抱怨,低
社区智能震动传感器误报警,安全治理,抱怨,低
社区智能红外传感器范围小,安全治理,抱怨,低
社区智能超声波传感器不准,安全治理,抱怨,低
社区智能微波传感器误触发,安全治理,抱怨,低
社区智能激光传感器维护难,安全治理,抱怨,低
社区智能图像识别准确率低,安全治理,抱怨,低
社区智能语音识别不准确,社区治理,抱怨,低
社区智能手写识别错误多,社区治理,抱怨,低
社区智能车牌识别反应慢,交通管理,抱怨,中
社区智能人脸识别精度低,安全治理,抱怨,中
社区智能行为分析不准确,安全治理,抱怨,低
社区智能轨迹跟踪不稳定,安全治理,抱怨,低
社区智能预警系统漏报多,安全治理,抱怨,中
社区智能决策支持不智能,社区治理,抱怨,低
社区智能推荐不精准,社区治理,抱怨,低
社区智能搜索效果差,社区治理,抱怨,低
社区智能客服回答不准确,社区治理,抱怨,低
社区智能导览指引不清晰,社区治理,抱怨,低
社区智能预约系统经常故障,社区治理,抱怨,中
社区智能缴费通道不畅通,社区治理,抱怨,中
社区智能查询服务响应慢,社区治理,抱怨,低
社区智能申报流程复杂,社区治理,抱怨,中
社区智能审批效率低下,社区治理,抱怨,中
社区智能监管覆盖不全,社区治理,抱怨,中
社区智能执法证据不足,社区治理,抱怨,中
社区智能调解效果不佳,社区治理,抱怨,低
社区智能评估标准不统一,社区治理,抱怨,低
社区智能改进建议不实用,社区治理,抱怨,低
社区数字化管理平台操作复杂,社区治理,抱怨,低
社区数据共享机制不健全,社区治理,抱怨,低
社区信息安全防护薄弱,安全治理,抱怨,高
社区隐私保护措施不足,安全治理,抱怨,中
社区网络攻击防护不力,安全治理,抱怨,高
社区数据备份恢复困难,社区治理,抱怨,中
社区系统升级维护不及时,社区治理,抱怨,低
社区技术培训指导不够,社区治理,抱怨,低
社区数字鸿沟问题突出,民生服务,抱怨,中
社区电子政务推广困难,社区治理,抱怨,低
社区在线服务体验差,社区治理,抱怨,低
社区移动办公效率低,社区治理,抱怨,低
社区远程会议效果差,社区治理,抱怨,低
社区云存储空间不足,社区治理,抱怨,低
社区网络安全意识薄弱,安全治理,抱怨,中
社区信息泄露风险大,安全治理,抱怨,高
社区网络诈骗防范不足,安全治理,抱怨,中
社区虚假信息治理不力,文化生活,抱怨,中
社区网络暴力监管缺失,安全治理,抱怨,中
社区网络谣言传播迅速,文化生活,抱怨,中
社区网络舆情引导不够,文化生活,抱怨,低
社区网络文明建设滞后,文化生活,抱怨,低
社区网络素养教育缺乏,文化生活,抱怨,低
社区网络文化建设不足,文化生活,抱怨,低
社区网络公益活动少,民生服务,抱怨,低
社区网络民生服务缺乏,民生服务,抱怨,低
社区网络互助平台不活跃,民生服务,抱怨,低
社区网络资源共享不足,社区治理,抱怨,低
社区网络协作效率低下,社区治理,抱怨,低
社区网络创新氛围不浓,文化生活,抱怨,低
社区网络创业支持不够,社区治理,抱怨,低
社区网络就业信息不全,社区治理,抱怨,低
社区网络培训资源缺乏,民生服务,抱怨,低
社区网络医疗咨询不便,医疗卫生,抱怨,低
社区网络教育效果差,民生服务,抱怨,低
社区网络文化服务单一,文化生活,抱怨,低
社区网络体育指导缺乏,文化生活,抱怨,低
社区网络旅游服务不足,民生服务,抱怨,低
社区网络餐饮监管不力,医疗卫生,抱怨,中
社区网络购物维权困难,社区治理,抱怨,中
社区网络支付安全风险,安全治理,抱怨,中
社区网络借贷陷阱多,安全治理,抱怨,高
社区网络投资诈骗频发,安全治理,抱怨,高
社区网络传销打击不力,安全治理,抱怨,高
社区网络赌博治理不足,安全治理,抱怨,高
社区网络色情监管缺失,安全治理,抱怨,高
社区网络暴力游戏泛滥,安全治理,抱怨,中
社区网络成瘾问题突出,医疗卫生,抱怨,中
社区网络依赖现象严重,医疗卫生,抱怨,低
社区网络隔离措施不够,医疗卫生,抱怨,低
社区网络康复服务缺乏,医疗卫生,抱怨,低
社区网络心理疏导不足,医疗卫生,抱怨,低
社区网络家庭关系紧张,民生服务,抱怨,中
社区网络邻里纠纷增多,社区治理,抱怨,中
社区网络物业管理困难,民生服务,抱怨,中
社区网络业委会运作不畅,社区治理,抱怨,中
社区网络居委会服务受限,社区治理,抱怨,中
社区网络政府沟通不畅,社区治理,抱怨,中
社区网络民意表达不畅,社区治理,抱怨,低
社区网络民主监督不够,社区治理,抱怨,低
社区网络协商民主缺乏,社区治理,抱怨,低
社区网络自治能力不足,社区治理,抱怨,中
社区网络法治建设滞后,民生服务,抱怨,低
社区网络德治效果不佳,社区治理,抱怨,低
社区网络善治水平不高,社区治理,抱怨,低
社区网络共治机制不健全,社区治理,抱怨,中
社区网络精治手段缺乏,社区治理,抱怨,低
社区网络智治应用不足,社区治理,抱怨,低
社区网络绿治理念缺失,环境卫生,抱怨,低
社区网络美治效果差,环境卫生,抱怨,低
社区网络安治保障弱,安全治理,抱怨,中
社区网络民治参与少,社区治理,抱怨,低
社区网络惠治感受差,民生服务,抱怨,低
社区网络乐治氛围淡,文化生活,抱怨,低
社区网络康治服务缺,医疗卫生,抱怨,低
社区网络颐治关爱少,民生服务,抱怨,低
社区网络善治文化弱,社区治理,抱怨,低
社区网络德治教化不足,社区治理,抱怨,低
社区网络法治保障不力,民生服务,抱怨,中
社区网络自治能力欠缺,社区治理,抱怨,中
社区网络共治格局未成,社区治理,抱怨,中
社区网络精治水平不高,社区治理,抱怨,低
社区网络智治应用有限,社区治理,抱怨,低
社区网络绿治成效不显,环境卫生,抱怨,低
社区网络美治感受不佳,环境卫生,抱怨,低
社区网络安治隐患仍存,安全治理,抱怨,中
社区网络民治参与不足,社区治理,抱怨,低
社区网络惠治获得感低,民生服务,抱怨,低
社区网络乐治幸福感弱,文化生活,抱怨,低
社区网络康治安全感差,医疗卫生,抱怨,低
社区网络颐治满意度低,民生服务,抱怨,低
text,category,emotion,urgency
社区老年活动中心空调制冷效果差，夏季室内闷热难耐,安全治理,抱怨,中
社区便民服务中心工作人员态度热情，办事指引清晰,社区治理,表扬,低
社区公园健身器材维护不及时，部分器材存在安全隐患,安全治理,抱怨,中
社区垃圾分类指导员耐心细致，居民分类准确率明显提升,环境卫生,表扬,低
社区主干道乱停车现象严重，早晚高峰经常拥堵,交通管理,抱怨,中
社区志愿者定期清理小广告，墙面整洁度显著改善,环境卫生,表扬,低
社区超市生鲜区域卫生状况差，地面湿滑易摔倒,环境卫生,抱怨,中
社区医院夜间急诊响应迅速，医护人员专业负责,医疗卫生,表扬,高
社区快递驿站管理混乱，包裹经常错拿丢失,安全治理,抱怨,中
社区图书馆环境安静整洁，学习氛围浓厚,文化生活,表扬,低
社区烧烤店油烟排放超标，周边住户不敢开窗,环境卫生,抱怨,中
社区幼儿园安保措施到位，家长接送秩序良好,安全治理,表扬,低
社区理发店音响音量过大，影响周边居民休息,社区治理,抱怨,低
社区银行网点服务窗口少，老年人排队时间长,社区治理,抱怨,中
社区花店占道经营，行人通行受阻,环境卫生,抱怨,低
社区药店药品价格透明，药师专业咨询到位,医疗卫生,表扬,低
社区健身房器材维护不及时，使用体验差,安全治理,抱怨,中
社区咖啡厅外摆区域管理规范，环境优雅舒适,环境卫生,表扬,低
社区水果店果皮随地丢弃，环境卫生差,环境卫生,抱怨,低
社区移动营业厅业务办理效率高，服务态度好,社区治理,表扬,低
社区洗衣店化学试剂气味刺鼻，影响周边住户,环境卫生,抱怨,中
社区书店阅读区环境安静，书籍更新及时,文化生活,表扬,低
社区网吧通宵营业，人员进出嘈杂,社区治理,抱怨,中
社区邮政网点包裹寄存有序，取件方便快捷,安全治理,表扬,低
社区美容院顾客停车不规范，占用消防通道,交通管理,抱怨,中
社区供电营业厅缴费系统稳定，办事效率高,社区治理,表扬,低
社区餐饮店厨余垃圾处理不当，异味扰民,环境卫生,抱怨,中
社区电信营业厅网络故障修复及时，服务专业,安全治理,表扬,中
社区教育培训机构宣传单随意散发，影响市容,环境卫生,抱怨,低
社区供水公司应急抢修迅速，减少停水影响,安全治理,表扬,高
社区便利店夜间灯箱过亮，影响居民睡眠,环境卫生,抱怨,低
社区供热公司冬季供暖稳定，室内温度达标,安全治理,表扬,低
社区宠物医院医疗废物处理规范，环境卫生良好,环境卫生,表扬,低
社区水果店冷链设备噪音大，夜间扰民,社区治理,抱怨,中
社区菜市场管理规范，菜品新鲜价格公道,民生服务,表扬,低
社区KTV隔音效果差，低频震动影响休息,社区治理,抱怨,中
社区药店夜间售药服务方便，应急药品齐全,医疗卫生,表扬,低
社区烧烤店夜间经营时间长，顾客喧哗扰民,社区治理,抱怨,中
社区银行ATM机区域照明充足，安全有保障,安全治理,表扬,低
社区理发店卫生条件差，工具消毒不到位,医疗卫生,抱怨,中
社区超市商品价格标签清晰，明码标价规范,民生服务,表扬,低
社区洗衣店占道晾晒，影响行人通行,环境卫生,抱怨,低
社区咖啡厅WiFi信号稳定，环境舒适宜人,安全治理,表扬,低
社区美容院装修期间粉尘污染严重,环境卫生,抱怨,中
社区书店举办读书分享会，文化氛围浓厚,文化生活,表扬,低
社区水果店喇叭广告音量过大，扰民严重,社区治理,抱怨,中
社区健身房教练专业负责，健身指导到位,民生服务,表扬,低
社区网吧消防安全设施不全，存在隐患,安全治理,抱怨,高
社区邮政快递配送及时，服务态度友好,民生服务,表扬,低
社区餐饮店餐具消毒不彻底，卫生堪忧,医疗卫生,抱怨,中
社区移动公司信号覆盖完善，通话质量好,安全治理,表扬,低
社区便利店商品摆放混乱，购物体验差,民生服务,抱怨,低
社区供电公司电费查询方便，账单清晰,社区治理,表扬,低
社区宠物医院夜间急诊服务到位,医疗卫生,表扬,中
社区水果店果品质量不稳定，以次充好,民生服务,抱怨,中
社区菜市场卫生打扫及时，地面干净整洁,环境卫生,表扬,低
社区KTV消防安全通道堵塞，隐患严重,安全治理,抱怨,高
社区药店药品分类明确，便于寻找,医疗卫生,表扬,低
社区烧烤店油烟净化设备维护不到位,环境卫生,抱怨,中
社区银行理财经理专业咨询，服务贴心,社区治理,表扬,低
社区理发店毛巾消毒不彻底，卫生条件差,医疗卫生,抱怨,中
社区超市生鲜区冷链设备运行正常，保鲜效果好,安全治理,表扬,低
社区洗衣店熨烫质量不稳定，客户投诉多,民生服务,抱怨,低
社区咖啡厅员工服务热情，环境优雅,民生服务,表扬,低
社区美容院预约系统混乱，经常出错,民生服务,抱怨,低
社区书店空调温度适宜，阅读环境舒适,安全治理,表扬,低
社区水果店电子秤不准，存在缺斤少两,民生服务,抱怨,中
社区健身房淋浴间热水供应稳定，使用方便,安全治理,表扬,低
社区网吧环境卫生差，空气不流通,环境卫生,抱怨,中
社区邮政包裹投递准确，很少出错,民生服务,表扬,低
社区餐饮店食材新鲜，烹饪卫生达标,医疗卫生,表扬,低
社区移动公司话费套餐透明，无隐藏消费,社区治理,表扬,低
社区便利店商品种类丰富，满足日常需求,民生服务,表扬,低
社区供电公司停电通知及时，便于安排,社区治理,表扬,低
社区宠物医院医生专业，诊疗水平高,医疗卫生,表扬,低
社区水果店促销活动实在，不搞虚假宣传,民生服务,表扬,低
社区菜市场公平秤设置到位，维护消费者权益,民生服务,表扬,低
社区KTV消费价格透明，无强制消费,民生服务,表扬,低
社区药店医师坐诊专业，用药指导到位,医疗卫生,表扬,低
社区烧烤店食材质量有保障，食品安全达标,医疗卫生,表扬,低
社区银行大堂经理引导有序，减少等待时间,社区治理,表扬,低
社区理发店发型师技术过硬，服务细致,民生服务,表扬,低
社区超市自助结账系统便捷，减少排队,安全治理,表扬,低
社区洗衣店取件提醒及时，避免遗忘,民生服务,表扬,低
社区咖啡厅座位间距合理，隐私保护到位,民生服务,表扬,低
社区美容院产品使用规范，无强制推销,民生服务,表扬,低
社区书店文创产品有特色，深受年轻人喜爱,文化生活,表扬,低
社区水果店支持线上订购，配送及时,民生服务,表扬,低
社区健身房团课内容丰富，教练专业,文化生活,表扬,低
社区网吧电脑配置更新及时，运行流畅,安全治理,表扬,低
社区邮政包裹保管安全，无丢失现象,安全治理,表扬,低
社区餐饮店外卖包装规范，保温效果好,民生服务,表扬,低
社区移动公司客服响应及时，问题解决迅速,社区治理,表扬,低
社区便利店24小时营业，夜间购物方便,民生服务,表扬,低
社区供电公司智能电表读数准确，计费公正,安全治理,表扬,低
社区宠物医院预约系统便捷，减少等待,医疗卫生,表扬,低
社区水果店支持多种支付方式，结算方便,民生服务,表扬,低
社区菜市场商户诚信经营，无欺客现象,民生服务,表扬,低
社区KTV音响效果专业，唱歌体验好,文化生活,表扬,低
社区药店中药饮片质量可靠，炮制规范,医疗卫生,表扬,低
社区烧烤店调料自制，口味独特正宗,民生服务,表扬,低
社区银行贵宾室环境舒适，服务周到,社区治理,表扬,低
社区理发店儿童理发服务耐心细致,民生服务,表扬,低
社区超市商品促销真实惠，不玩价格游戏,民生服务,表扬,低
社区洗衣店特殊面料处理专业，无损坏,民生服务,表扬,低
社区咖啡厅手冲咖啡专业，品质稳定,民生服务,表扬,低
社区美容院美容师手法专业，效果明显,医疗卫生,表扬,低
社区书店举办作者签售会，读者互动热烈,文化生活,表扬,低
社区水果店果切新鲜，方便食用,民生服务,表扬,低
社区健身房私教专业负责，训练计划科学,民生服务,表扬,低
社区网吧禁烟管理严格，空气清新,环境卫生,表扬,低
社区邮政快递包装回收利用，环保意识强,环境卫生,表扬,低
社区餐饮店明厨亮灶，制作过程透明,医疗卫生,表扬,低
社区移动公司5G信号覆盖完善，网速快,安全治理,表扬,低
社区便利店热食供应稳定，品质有保障,民生服务,表扬,低
社区供电公司故障抢修及时，恢复供电快,安全治理,表扬,高
社区宠物医院住院部环境整洁，护理周到,医疗卫生,表扬,低
社区水果店进口水果品质保证，来源正规,民生服务,表扬,低
社区菜市场检测室运行规范，食品安全有保障,医疗卫生,表扬,低
社区KTV酒水价格合理，无漫天要价,民生服务,表扬,低
社区药店处方药管理严格，凭方售药,医疗卫生,表扬,低
社区烧烤店炭火质量好，无浓烟产生,环境卫生,表扬,低
社区银行残障人士服务到位，无障碍设施完善,社区治理,表扬,低
社区理发店工具消毒规范，卫生达标,医疗卫生,表扬,低
社区超市生鲜检测报告公示及时，食品安全透明,医疗卫生,表扬,低
社区洗衣店取件短信提醒及时，避免超时,民生服务,表扬,低
社区咖啡厅插座配置充足，方便办公学习,安全治理,表扬,低
社区美容院产品展示规范，无假冒伪劣,民生服务,表扬,低
社区书店阅读推荐精准，符合读者兴趣,文化生活,表扬,低
社区水果店果篮定制服务贴心，送礼体面,民生服务,表扬,低
社区健身房更衣室卫生整洁，设施完好,环境卫生,表扬,低
社区网吧未成年人管理严格，执行到位,安全治理,表扬,低
社区邮政国际包裹服务专业，清关顺利,民生服务,表扬,低
社区餐饮店菜品创新不断，口味多样化,民生服务,表扬,低
社区移动公司宽带安装及时，网络稳定,安全治理,表扬,低
社区便利店热食种类丰富，满足不同需求,民生服务,表扬,低
社区供电公司电费缴纳方式多样，方便快捷,社区治理,表扬,低
社区宠物医院急诊绿色通道畅通，救治及时,医疗卫生,表扬,高
社区水果店会员积分制度合理，回馈顾客,民生服务,表扬,低
社区菜市场公平交易，无强买强卖,民生服务,表扬,低
社区KTV消防安全培训到位，员工应急能力强,安全治理,表扬,低
社区药店药品储存规范，温湿度控制严格,医疗卫生,表扬,低
社区烧烤店员工健康证齐全，持证上岗,医疗卫生,表扬,低
社区银行理财产品风险提示清晰，无误导销售,社区治理,表扬,低
社区理发店预约时段安排合理，避免拥挤,民生服务,表扬,低
社区超市商品陈列整齐，购物环境舒适,民生服务,表扬,低
社区洗衣店取件流程便捷，节省时间,民生服务,表扬,低
社区咖啡厅背景音乐音量适中，不扰民,社区治理,表扬,低
社区美容院顾客隐私保护到位，无信息泄露,安全治理,表扬,低
社区书店文化生活丰富，促进社区文化交流,文化生活,表扬,低
社区水果店果品产地明确，质量可追溯,民生服务,表扬,低
社区健身房空气质量良好，通风系统完善,环境卫生,表扬,低
社区网吧实名登记严格，无未成年人进入,安全治理,表扬,低
社区邮政包裹投递时间准确，不延误,民生服务,表扬,低
社区餐饮店外卖配送及时，包装完好,民生服务,表扬,低
社区移动公司投诉处理及时，客户满意度高,社区治理,表扬,低
社区便利店商品保质期管理严格，无过期商品,民生服务,表扬,低
社区供电公司用电安全宣传到位，事故预防有效,安全治理,表扬,低
社区宠物医院医疗设备先进，诊断准确,医疗卫生,表扬,低
社区水果店退换货政策合理，顾客权益有保障,民生服务,表扬,低
社区菜市场垃圾分类执行到位，环境整洁,环境卫生,表扬,低
社区KTV消费明细清晰，无隐性收费,民生服务,表扬,低
社区药店用药指导专业，避免药物相互作用,医疗卫生,表扬,低
社区烧烤店食材采购严格，保证新鲜度,医疗卫生,表扬,低
社区银行自助设备维护及时，故障率低,安全治理,表扬,低
社区理发店儿童娱乐区安全卫生，家长放心,安全治理,表扬,低
社区超市价格检查严格，无价格欺诈,民生服务,表扬,低
社区洗衣店特殊污渍处理专业，去污效果好,民生服务,表扬,低
社区咖啡厅食品安全管理严格，无过期食材,医疗卫生,表扬,低
社区美容院消毒隔离措施到位，预防交叉感染,医疗卫生,表扬,低
社区书店阅读活动组织有序，参与度高,文化生活,表扬,低
社区水果店配送服务及时，水果新鲜送达,民生服务,表扬,低
社区健身房安全警示标识清晰，预防运动损伤,安全治理,表扬,低
社区网吧环境卫生打扫及时，保持整洁,环境卫生,表扬,低
社区邮政包裹查询系统便捷，物流信息透明,民生服务,表扬,低
社区餐饮店员工服务培训到位，礼貌待客,民生服务,表扬,低
社区移动公司信号故障修复及时，影响小,安全治理,表扬,中
社区便利店热食保温措施到位，口感保持好,民生服务,表扬,低
社区供电公司用电咨询专业，解答耐心,社区治理,表扬,低
社区宠物医院术后回访及时，关爱到位,医疗卫生,表扬,低
社区水果店果品包装精美，送礼体面,民生服务,表扬,低
社区菜市场商户证照齐全，经营规范,民生服务,表扬,低
社区KTV音响设备定期维护，音质稳定,安全治理,表扬,低
社区药店药品价格公示清晰，无乱收费,医疗卫生,表扬,低
社区烧烤店排烟系统运行正常，无油烟外泄,环境卫生,表扬,低
社区银行电子银行服务便捷，业务办理高效,社区治理,表扬,低
社区理发店预约提醒及时，避免客户遗忘,民生服务,表扬,低
社区超市商品补货及时，货架充足,民生服务,表扬,低
社区洗衣店取件流程简化，节省客户时间,民生服务,表扬,低
社区咖啡厅环境设计优雅，氛围舒适,民生服务,表扬,低
社区美容院产品试用装提供，客户体验好,民生服务,表扬,低
社区书店新书推荐及时，满足阅读需求,文化生活,表扬,低
社区水果店果品保鲜技术先进，损耗率低,民生服务,表扬,低
社区健身房团课预约系统稳定，操作简便,安全治理,表扬,低
社区网吧电脑维护及时，运行速度快,安全治理,表扬,低
社区邮政包裹保管安全，无丢失损坏,安全治理,表扬,低
社区餐饮店外卖保温袋质量好，保温效果佳,民生服务,表扬,低
社区移动公司业务办理指引清晰，流程简化,社区治理,表扬,低
社区便利店商品摆放科学，便于寻找,民生服务,表扬,低
社区供电公司用电安全检查定期，隐患及时排除,安全治理,表扬,低
社区宠物医院医疗废物处理规范，环保达标,环境卫生,表扬,低
社区水果店果品检测报告公示，质量有保障,医疗卫生,表扬,低
社区菜市场卫生管理制度完善，执行到位,环境卫生,表扬,低
社区KTV消防演练定期开展，应急能力提升,安全治理,表扬,低
社区药店处方审核严格，用药安全有保障,医疗卫生,表扬,低
社区烧烤店员工培训到位，服务专业规范,民生服务,表扬,低
社区银行无障碍通道畅通，方便特殊人群,社区治理,表扬,低
社区理发店工具消毒记录完整，卫生可追溯,医疗卫生,表扬,低
社区超市商品价格调整及时，反映市场变化,民生服务,表扬,低
社区洗衣店特殊面料处理经验丰富，技术专业,民生服务,表扬,低
社区咖啡厅咖啡豆来源透明，品质有保证,民生服务,表扬,低
社区美容院美容仪器定期校准，效果稳定,医疗卫生,表扬,低
社区书店阅读活动形式多样，吸引各年龄段,文化生活,表扬,低
社区水果店会员服务贴心，回访及时,民生服务,表扬,低
社区健身房空气质量检测定期，环境健康,环境卫生,表扬,低
社区网吧实名认证严格，未成年人禁入执行到位,安全治理,表扬,低
社区邮政国际包裹清关专业，时效有保障,民生服务,表扬,低
社区餐饮店明厨亮灶工程到位，制作过程透明,医疗卫生,表扬,低
社区移动公司网络优化及时，信号质量稳定,安全治理,表扬,低
社区便利店热食制作规范，卫生达标,医疗卫生,表扬,低
社区供电公司停电应急预案完善，处置迅速,安全治理,表扬,高
社区宠物医院急诊抢救设备齐全，救治能力强,医疗卫生,表扬,高
社区水果店果品采购渠道正规，质量可靠,民生服务,表扬,低
社区菜市场公平秤使用监督到位，维护公平,民生服务,表扬,低
社区KTV消费环境安全，消防设施完好,安全治理,表扬,低
社区药店药品储存条件达标，质量有保障,医疗卫生,表扬,低
社区烧烤店油烟净化设备定期清洗，排放达标,环境卫生,表扬,低
社区银行金融服务专业，理财产品丰富,社区治理,表扬,低
社区理发店发型设计专业，满足客户需求,民生服务,表扬,低
社区超市自助收银系统稳定，减少排队时间,安全治理,表扬,低
社区洗衣店取件提醒多样化，避免客户遗忘,民生服务,表扬,低
社区咖啡厅环境安静舒适，适合办公学习,民生服务,表扬,低
社区美容院客户信息保护严格，隐私安全,安全治理,表扬,低
社区书店文化生活策划专业，参与度高,文化生活,表扬,低
社区水果店线上商城运营规范，配送及时,民生服务,表扬,低
社区健身房团课内容丰富多样，满足不同需求,文化生活,表扬,低
社区网吧电脑配置高端，游戏体验流畅,安全治理,表扬,低
社区邮政包裹投递准确率高，客户满意度高,民生服务,表扬,低
社区餐饮店外卖配送保温措施到位，口感保持好,民生服务,表扬,低
社区移动公司客户服务热线畅通，问题解决及时,社区治理,表扬,低
社区便利店商品质量把控严格，无假冒伪劣,民生服务,表扬,低
社区供电公司智能电表运行稳定，计量准确,安全治理,表扬,低
社区宠物医院医疗团队专业，诊疗水平高,医疗卫生,表扬,低
社区水果店果品包装环保，减少塑料使用,环境卫生,表扬,低
社区菜市场商户诚信经营，消费者权益有保障,民生服务,表扬,低
社区KTV音响效果调试专业，唱歌体验佳,文化生活,表扬,低
社区药店中药质量把控严格，炮制规范,医疗卫生,表扬,低
社区烧烤店特色菜品创新，口味独特,民生服务,表扬,低
社区银行贵宾服务专业，客户体验好,社区治理,表扬,低
社区理发店儿童理发区安全舒适，家长放心,安全治理,表扬,低
社区超市促销活动真实惠，让利消费者,民生服务,表扬,低
社区洗衣店特殊污渍处理技术专业，去污力强,民生服务,表扬,低
社区咖啡厅手冲咖啡技艺精湛，品质稳定,民生服务,表扬,低
社区美容院美容师持续培训，技术水平提升,医疗卫生,表扬,低
社区书店作者交流活动频繁，促进文化传播,文化生活,表扬,低
社区水果店果切服务专业，方便快捷,民生服务,表扬,低
社区健身房私教课程个性化，训练效果明显,民生服务,表扬,低
社区网吧禁烟管理严格，营造无烟环境,环境卫生,表扬,低
社区邮政快递包装回收利用，践行环保理念,环境卫生,表扬,低
社区餐饮店厨房卫生达标，食品安全有保障,医疗卫生,表扬,低
社区移动公司5G网络优化及时，用户体验好,安全治理,表扬,低
社区便利店热食种类创新，满足多样化需求,民生服务,表扬,低
社区供电公司故障预警及时，预防性维护到位,安全治理,表扬,中
社区宠物医院住院部管理规范，护理专业,医疗卫生,表扬,低
社区水果店进口水果检疫证明齐全，安全可靠,医疗卫生,表扬,低
社区菜市场食品安全检测严格，保障消费者健康,医疗卫生,表扬,低
社区KTV酒水供应商资质审核严格，质量有保障,民生服务,表扬,低
社区药店处方药管理规范，确保用药安全,医疗卫生,表扬,低
社区烧烤店炭火质量把控严格，环保达标,环境卫生,表扬,低
社区银行残障人士服务设施完善，关怀到位,社区治理,表扬,低
社区理发店消毒记录完整，卫生管理规范,医疗卫生,表扬,低
社区超市生鲜检测报告公示及时，信息透明,医疗卫生,表扬,低
社区洗衣店取件流程优化，客户体验提升,民生服务,表扬,低
社区咖啡厅电源插座布局合理，方便使用,安全治理,表扬,低
社区美容院产品进货渠道正规，质量可靠,民生服务,表扬,低
社区书店阅读推荐精准专业，提升阅读体验,文化生活,表扬,低
社区水果店果篮定制服务专业，满足个性化需求,民生服务,表扬,低
社区健身房更衣室管理规范，环境卫生良好,环境卫生,表扬,低
社区网吧未成年人禁入执行严格，管理规范,安全治理,表扬,低
社区邮政国际包裹服务专业高效，清关顺利,民生服务,表扬,低
社区餐饮店菜品研发创新，口味多样化,民生服务,表扬,低
社区移动公司宽带安装服务专业，网络稳定,安全治理,表扬,低
社区便利店热食供应稳定，品质控制严格,民生服务,表扬,低
社区供电公司电费缴纳渠道多样，便捷高效,社区治理,表扬,低
社区宠物医院急诊响应迅速，救治及时专业,医疗卫生,表扬,高
社区水果店会员积分制度合理，增强客户粘性,民生服务,表扬,低
社区菜市场交易秩序良好，无强买强卖现象,民生服务,表扬,低
社区KTV消防安全管理规范，应急演练到位,安全治理,表扬,低
社区药店药品储存条件控制严格，质量保障,医疗卫生,表扬,低
社区烧烤店员工健康管理规范，持证上岗,医疗卫生,表扬,低
社区银行理财产品信息披露透明，风险提示到位,社区治理,表扬,低
社区理发店预约管理科学，避免客户等待,民生服务,表扬,低
社区超市商品陈列科学合理，购物体验舒适,民生服务,表扬,低
社区洗衣店取件流程便捷高效，节省客户时间,民生服务,表扬,低
社区咖啡厅背景音乐选择恰当，营造舒适氛围,社区治理,表扬,低
社区美容院客户隐私保护措施完善，信息安全,安全治理,表扬,低
社区书店文化交流活动丰富，促进社区和谐,文化生活,表扬,低
社区水果店果品溯源系统完善，质量可追溯,民生服务,表扬,低
社区健身房通风系统运行良好，空气质量优,环境卫生,表扬,低
社区网吧实名登记管理严格，规范经营,安全治理,表扬,低
社区邮政包裹投递时效稳定，服务可靠,民生服务,表扬,低
社区餐饮店外卖服务专业，配送及时准确,民生服务,表扬,低
社区移动公司投诉处理机制完善，客户满意,社区治理,表扬,低
社区便利店商品保质期管理严格，质量保障,民生服务,表扬,低
社区供电公司用电安全宣传深入，事故预防有效,安全治理,表扬,低
社区宠物医院医疗设备维护及时，运行稳定,医疗卫生,表扬,低
社区水果店退换货政策合理，保障消费者权益,民生服务,表扬,低
社区菜市场垃圾分类执行到位，环境卫生良好,环境卫生,表扬,低
社区KTV消费明细清晰透明，无隐性消费,民生服务,表扬,低
社区药店用药指导专业细致，避免用药错误,医疗卫生,表扬,低
社区烧烤店食材采购质量控制严格，新鲜度有保障,医疗卫生,表扬,低
社区银行自助设备维护保养及时，运行稳定,安全治理,表扬,低
社区理发店儿童娱乐区安全管理到位，家长安心,安全治理,表扬,低
社区超市价格管理规范，无价格欺诈行为,民生服务,表扬,低
社区洗衣店特殊污渍处理技术专业，效果显著,民生服务,表扬,低
社区咖啡厅食品安全管理制度完善，执行到位,医疗卫生,表扬,低
社区美容院消毒隔离措施严格执行，预防感染,医疗卫生,表扬,低
社区书店阅读活动组织专业，参与热情高,文化生活,表扬,低
社区水果店配送服务高效及时，水果新鲜,民生服务,表扬,低
社区健身房安全警示标识清晰明确，预防事故,安全治理,表扬,低
社区网吧环境卫生维护及时，整洁舒适,环境卫生,表扬,低
社区邮政包裹查询系统便捷准确，信息透明,民生服务,表扬,低
社区餐饮店员工服务培训到位，专业礼貌,民生服务,表扬,低
社区移动公司信号维护及时，网络质量稳定,安全治理,表扬,中
社区便利店热食保温设备运行良好，品质稳定,民生服务,表扬,低
社区供电公司用电咨询服务专业，解答耐心,社区治理,表扬,低
社区宠物医院术后关怀到位，回访及时,医疗卫生,表扬,低
社区水果店果品包装精美环保，提升品质,民生服务,表扬,低
社区菜市场商户经营管理规范，证照齐全,民生服务,表扬,低
社区KTV音响设备维护专业，音质效果稳定,安全治理,表扬,低
社区药店药品价格管理规范，透明公正,医疗卫生,表扬,低
社区烧烤店排烟系统维护到位，环保达标,环境卫生,表扬,低
社区银行电子银行服务便捷高效，体验良好,社区治理,表扬,低
社区理发店预约提醒服务贴心，避免客户遗忘,民生服务,表扬,低
社区超市商品补货及时准确，货架充足,民生服务,表扬,低
社区洗衣店取件流程简化优化，提升效率,民生服务,表扬,低
社区咖啡厅环境设计专业，氛围舒适优雅,民生服务,表扬,低
社区美容院产品试用服务到位，体验良好,民生服务,表扬,低
社区书店新书推荐及时准确，满足需求,文化生活,表扬,低
社区水果店果品保鲜技术先进，品质稳定,民生服务,表扬,低
社区健身房团课预约系统稳定可靠，操作简便,安全治理,表扬,低
社区网吧电脑维护保养专业，运行流畅,安全治理,表扬,低
社区邮政包裹保管安全可靠，无丢失损坏,安全治理,表扬,低
社区餐饮店外卖保温措施到位，品质保持好,民生服务,表扬,低
社区移动公司业务办理流程优化，效率提升,社区治理,表扬,低
社区便利店商品陈列科学合理，便于选购,民生服务,表扬,低
社区供电公司用电安全检查定期开展，隐患排除及时,安全治理,表扬,低
社区宠物医院医疗废物处理规范专业，环保达标,环境卫生,表扬,低
社区水果店果品质量检测严格，安全可靠,医疗卫生,表扬,低
社区菜市场卫生管理制度完善执行，环境整洁,环境卫生,表扬,低
社区KTV消防演练定期规范开展，应急能力提升,安全治理,表扬,低
社区药店处方审核严格专业，用药安全,医疗卫生,表扬,低
社区烧烤店员工培训系统专业，服务规范,民生服务,表扬,低
社区银行无障碍服务完善到位，便利特殊群体,社区治理,表扬,低
社区理发店消毒管理规范严格，卫生达标,医疗卫生,表扬,低
社区超市商品价格调整及时合理，市场反应灵敏,民生服务,表扬,低
社区洗衣店特殊面料处理经验丰富专业，技术可靠,民生服务,表扬,低
社区咖啡厅咖啡豆供应链透明可靠，品质保证,民生服务,表扬,低
社区美容院美容仪器校准维护及时，效果稳定,医疗卫生,表扬,低
社区书店阅读活动形式多样创新，吸引力强,文化生活,表扬,低
社区水果店会员服务体系完善，服务贴心,民生服务,表扬,低
社区健身房空气质量监测定期规范，环境健康,环境卫生,表扬,低
社区网吧实名认证管理严格规范，执行到位,安全治理,表扬,低
社区邮政国际包裹清关服务专业高效，时效保障,民生服务,表扬,低
社区餐饮店明厨亮灶工程实施到位，透明安全,医疗卫生,表扬,低
社区移动公司网络优化维护及时专业，信号稳定,安全治理,表扬,低
社区便利店热食制作规范卫生，品质可控,医疗卫生,表扬,低
社区供电公司停电应急预案完善有效，处置迅速,安全治理,表扬,高
社区宠物医院急诊抢救设备齐全先进，救治能力强,医疗卫生,表扬,高
社区水果店果品采购渠道正规可靠，质量保证,民生服务,表扬,低
社区菜市场公平交易监督到位，维护权益,民生服务,表扬,低
社区KTV消费环境安全管理规范，设施完好,安全治理,表扬,低
社区药店药品储存条件控制严格规范，质量保障,医疗卫生,表扬,低
社区烧烤店油烟净化设备清洗维护及时，排放达标,环境卫生,表扬,低
社区银行金融服务专业全面，产品丰富,社区治理,表扬,低
社区理发店发型设计专业个性，满足需求,民生服务,表扬,低
社区超市自助收银系统稳定可靠，效率提升,安全治理,表扬,低
社区洗衣店取件提醒服务多样化贴心，避免超时,民生服务,表扬,低
社区咖啡厅环境安静舒适专业，体验良好,民生服务,表扬,低
社区美容院客户信息保护严格规范，隐私安全,安全治理,表扬,低
社区书店文化生活策划专业创新，参与积极,文化生活,表扬,低
社区水果店线上商城运营规范高效，配送及时,民生服务,表扬,低
社区健身房团课内容丰富多样专业，满足需求,文化生活,表扬,低
社区网吧电脑配置高端专业，体验流畅,安全治理,表扬,低
社区邮政包裹投递准确可靠，满意度高,民生服务,表扬,低
社区餐饮店外卖配送保温专业及时，品质保持,民生服务,表扬,低
社区移动公司客户服务热线畅通专业，问题解决,社区治理,表扬,低
社区便利店商品质量把控严格规范，真品保障,民生服务,表扬,低
社区供电公司智能电表运行稳定准确，计量公正,安全治理,表扬,低
社区宠物医院医疗团队专业经验丰富，水平高超,医疗卫生,表扬,低
社区水果店果品包装环保创新，绿色理念,环境卫生,表扬,低
社区菜市场商户诚信经营规范，权益保障,民生服务,表扬,低
社区KTV音响效果调试专业精准，体验优越,文化生活,表扬,低
社区药店中药质量把控严格专业，炮制规范,医疗卫生,表扬,低
社区烧烤店特色菜品研发创新不断，口味独特,民生服务,表扬,低
社区银行贵宾服务专业周到，体验优越,社区治理,表扬,低
社区理发店儿童理发区安全舒适专业，家长放心,安全治理,表扬,低
社区超市促销活动真实惠让利，消费者受益,民生服务,表扬,低
社区洗衣店特殊污渍处理技术专业高效，去污力强,民生服务,表扬,低
社区咖啡厅手冲咖啡技艺精湛稳定，品质保证,民生服务,表扬,低
社区美容院美容师持续培训提升，技术精湛,医疗卫生,表扬,低
社区书店作者交流活动频繁深入，文化传播,文化生活,表扬,低
社区水果店果切服务专业便捷，体验良好,民生服务,表扬,低
社区健身房私教课程个性化专业，效果显著,民生服务,表扬,低
社区网吧禁烟管理严格规范，环境清新,环境卫生,表扬,低
社区邮政快递包装回收利用积极，环保践行,环境卫生,表扬,低
社区餐饮店厨房卫生管理规范严格，安全可靠,医疗卫生,表扬,低
社区移动公司5G网络优化维护及时，体验优越,安全治理,表扬,低
社区便利店热食种类创新丰富，需求满足,民生服务,表扬,低
社区供电公司故障预警及时准确，维护预防,安全治理,表扬,中
社区宠物医院住院部管理规范专业，护理周到,医疗卫生,表扬,低
社区水果店进口水果检疫证明齐全规范，安全可靠,医疗卫生,表扬,低
社区菜市场食品安全检测严格规范，健康保障,医疗卫生,表扬,低
社区KTV酒水供应商资质审核严格规范，质量保证,民生服务,表扬,低
社区药店处方药管理规范严格，安全用药,医疗卫生,表扬,低
社区烧烤店炭火质量把控严格规范，环保达标,环境卫生,表扬,低
社区银行残障人士服务设施完善专业，关怀到位,社区治理,表扬,低
社区理发店消毒记录完整规范，卫生可靠,医疗卫生,表扬,低
社区超市生鲜检测报告公示及时透明，信息可靠,医疗卫生,表扬,低
社区洗衣店取件流程优化简化，体验提升,民生服务,表扬,低
社区咖啡厅电源插座布局合理充足，使用方便,安全治理,表扬,低
社区美容院产品进货渠道正规可靠，质量保证,民生服务,表扬,低
社区书店阅读推荐精准专业个性，体验优越,文化生活,表扬,低
社区水果店果篮定制服务专业贴心，需求满足,民生服务,表扬,低
社区健身房更衣室管理规范严格，环境优良,环境卫生,表扬,低
社区网吧未成年人禁入执行严格规范，管理到位,安全治理,表扬,低
社区邮政国际包裹服务专业高效可靠，清关顺利,民生服务,表扬,低
社区餐饮店菜品研发创新不断，口味多样,民生服务,表扬,低
社区移动公司宽带安装服务专业及时，网络稳定,安全治理,表扬,低
社区便利店热食供应稳定可靠，品质可控,民生服务,表扬,低
社区供电公司电费缴纳渠道多样便捷，效率提升,社区治理,表扬,低
社区宠物医院急诊响应迅速专业，救治及时,医疗卫生,表扬,高
社区水果店会员积分制度合理有效，粘性增强,民生服务,表扬,低
社区菜市场交易秩序良好规范，公平交易,民生服务,表扬,低
社区KTV消防安全管理规范严格，应急到位,安全治理,表扬,低
社区药店药品储存条件控制严格规范，质量可靠,医疗卫生,表扬,低
社区烧烤店员工健康管理规范严格，持证上岗,医疗卫生,表扬,低
社区银行理财产品信息披露透明规范，风险提示,社区治理,表扬,低
社区理发店预约管理科学合理，等待减少,民生服务,表扬,低
社区超市商品陈列科学合理规范，体验舒适,民生服务,表扬,低
社区洗衣店取件流程便捷高效优化，时间节省,民生服务,表扬,低
社区咖啡厅背景音乐选择恰当专业，氛围舒适,社区治理,表扬,低
社区美容院客户隐私保护措施完善严格，信息安全,安全治理,表扬,低
社区书店文化交流活动丰富深入，和谐促进,文化生活,表扬,低
社区水果店果品溯源系统完善可靠，质量可溯,民生服务,表扬,低
社区健身房通风系统运行良好专业，空气优质,环境卫生,表扬,低
社区网吧实名登记管理严格规范，经营规范,安全治理,表扬,低
社区邮政包裹投递时效稳定可靠，服务优质,民生服务,表扬,低
社区餐饮店外卖服务专业及时准确，配送可靠,民生服务,表扬,低
社区移动公司投诉处理机制完善有效，客户满意,社区治理,表扬,低
社区便利店商品保质期管理严格规范，质量保障,民生服务,表扬,低
社区供电公司用电安全宣传深入有效，事故预防,安全治理,表扬,低
社区宠物医院医疗设备维护及时专业，运行稳定,医疗卫生,表扬,低
社区水果店退换货政策合理公正，权益保障,民生服务,表扬,低
社区菜市场垃圾分类执行到位规范，环境优良,环境卫生,表扬,低
社区KTV消费明细清晰透明规范，无隐性收费,民生服务,表扬,低
社区药店用药指导专业细致耐心，错误避免,医疗卫生,表扬,低
社区烧烤店食材采购质量控制严格规范，新鲜保证,医疗卫生,表扬,低
社区银行自助设备维护保养及时专业，运行稳定,安全治理,表扬,低
社区理发店儿童娱乐区安全管理到位专业，家长安心,安全治理,表扬,低
社区超市价格管理规范严格，欺诈杜绝,民生服务,表扬,低
社区洗衣店特殊污渍处理技术专业高效，效果显著,民生服务,表扬,低
社区咖啡厅食品安全管理制度完善严格，执行到位,医疗卫生,表扬,低
社区美容院消毒隔离措施严格执行规范，感染预防,医疗卫生,表扬,低
社区书店阅读活动组织专业有序，参与积极,文化生活,表扬,低
社区水果店配送服务高效及时可靠，新鲜送达,民生服务,表扬,低
社区健身房安全警示标识清晰明确规范，事故预防,安全治理,表扬,低
社区网吧环境卫生维护及时专业，整洁舒适,环境卫生,表扬,低
社区邮政包裹查询系统便捷准确可靠，信息透明,民生服务,表扬,低
社区餐饮店员工服务培训到位专业，礼貌待客,民生服务,表扬,低
社区移动公司信号维护及时专业，质量稳定,安全治理,表扬,中
社区便利店热食保温设备运行良好可靠，品质稳定,民生服务,表扬,低
社区供电公司用电咨询服务专业耐心，解答到位,社区治理,表扬,低
社区宠物医院术后关怀到位及时，回访专业,医疗卫生,表扬,低
社区水果店果品包装精美环保创新，品质提升,民生服务,表扬,低
社区菜市场商户经营管理规范严格，证照齐全,民生服务,表扬,低
社区KTV音响设备维护专业规范，音质稳定,安全治理,表扬,低
社区药店药品价格管理规范透明，公正合理,医疗卫生,表扬,低
社区烧烤店排烟系统维护到位专业，环保达标,环境卫生,表扬,低
社区银行电子银行服务便捷高效可靠，体验良好,社区治理,表扬,低
社区理发店预约提醒服务贴心及时，遗忘避免,民生服务,表扬,低
社区超市商品补货及时准确规范，货架充足,民生服务,表扬,低
社区洗衣店取件流程简化优化专业，效率提升,民生服务,表扬,低
社区咖啡厅环境设计专业优雅，氛围舒适,民生服务,表扬,低
社区美容院产品试用服务到位专业，体验良好,民生服务,表扬,低
社区书店新书推荐及时准确专业，需求满足,文化生活,表扬,低
社区水果店果品保鲜技术先进可靠，品质稳定,民生服务,表扬,低
社区健身房团课预约系统稳定可靠专业，操作简便,安全治理,表扬,低
社区网吧电脑维护保养专业规范，运行流畅,安全治理,表扬,低
社区邮政包裹保管安全可靠专业，无丢失损坏,安全治理,表扬,低
社区餐饮店外卖保温措施到位专业，品质保持,民生服务,表扬,低
社区移动公司业务办理流程优化简化，效率提升,社区治理,表扬,低
社区便利店商品陈列科学合理规范，便于选购,民生服务,表扬,低
社区供电公司用电安全检查定期规范，隐患排除,安全治理,表扬,低
社区宠物医院医疗废物处理规范专业严格，环保达标,环境卫生,表扬,低
社区水果店果品质量检测严格规范，安全可靠,医疗卫生,表扬,低
社区菜市场卫生管理制度完善执行到位，环境整洁,环境卫生,表扬,低
社区KTV消防演练定期规范开展专业，应急能力提升,安全治理,表扬,低
社区药店处方审核严格专业规范，用药安全,医疗卫生,表扬,低
社区烧烤店员工培训系统专业规范，服务优质,民生服务,表扬,低
社区银行无障碍服务完善到位专业，便利特殊群体,社区治理,表扬,低
社区理发店消毒管理规范严格专业，卫生达标,医疗卫生,表扬,低
社区超市商品价格调整及时合理规范，市场反应,民生服务,表扬,低
社区洗衣店特殊面料处理经验丰富专业可靠，技术精湛,民生服务,表扬,低
社区咖啡厅咖啡豆供应链透明可靠专业，品质保证,民生服务,表扬,低
社区美容院美容仪器校准维护及时专业，效果稳定,医疗卫生,表扬,低
社区书店阅读活动形式多样创新专业，吸引力强,文化生活,表扬,低
社区水果店会员服务体系完善贴心，服务优质,民生服务,表扬,低
社区健身房空气质量监测定期规范专业，环境健康,环境卫生,表扬,低
社区网吧实名认证管理严格规范专业，执行到位,安全治理,表扬,低
社区邮政国际包裹清关服务专业高效可靠，时效保障,民生服务,表扬,低
社区餐饮店明厨亮灶工程实施到位专业，透明安全,医疗卫生,表扬,低
社区移动公司网络优化维护及时专业规范，信号稳定,安全治理,表扬,低
社区便利店热食制作规范卫生专业，品质可控,医疗卫生,表扬,低
社区供电公司停电应急预案完善有效专业，处置迅速,安全治理,表扬,高
社区宠物医院急诊抢救设备齐全先进专业，救治能力强,医疗卫生,表扬,高
社区水果店果品采购渠道正规可靠专业，质量保证,民生服务,表扬,低
社区菜市场公平交易监督到位规范，权益维护,民生服务,表扬,低
社区KTV消费环境安全管理规范严格，设施完好,安全治理,表扬,低
社区药店药品储存条件控制严格规范专业，质量保障,医疗卫生,表扬,低
社区烧烤店油烟净化设备清洗维护及时专业，排放达标,环境卫生,表扬,低
社区银行金融服务专业全面可靠，产品丰富,社区治理,表扬,低
社区理发店发型设计专业个性创新，需求满足,民生服务,表扬,低
社区超市自助收银系统稳定可靠专业，效率提升,安全治理,表扬,低
社区洗衣店取件提醒服务多样化贴心专业，超时避免,民生服务,表扬,低
社区咖啡厅环境安静舒适专业优雅，体验良好,民生服务,表扬,低
社区美容院客户信息保护严格规范专业，隐私安全,安全治理,表扬,低
社区书店文化生活策划专业创新深入，参与积极,文化生活,表扬,低
社区水果店线上商城运营规范高效专业，配送及时,民生服务,表扬,低
社区健身房团课内容丰富多样专业优质，需求满足,文化生活,表扬,低
社区网吧电脑配置高端专业先进，体验流畅,安全治理,表扬,低
社区邮政包裹投递准确可靠专业，满意度高,民生服务,表扬,低
社区餐饮店外卖配送保温专业及时可靠，品质保持,民生服务,表扬,低
社区移动公司客户服务热线畅通专业高效，问题解决,社区治理,表扬,低
社区便利店商品质量把控严格规范专业，真品保障,民生服务,表扬,低
社区供电公司智能电表运行稳定准确可靠，计量公正,安全治理,表扬,低
社区宠物医院医疗团队专业经验丰富精湛，水平高超,医疗卫生,表扬,低
社区水果店果品包装环保创新专业，绿色理念,环境卫生,表扬,低
社区菜市场商户诚信经营规范严格，权益保障,民生服务,表扬,低
社区KTV音响效果调试专业精准规范，体验优越,文化生活,表扬,低
社区药店中药质量把控严格专业规范，炮制规范,医疗卫生,表扬,低
社区烧烤店特色菜品研发创新不断专业，口味独特,民生服务,表扬,低
社区银行贵宾服务专业周到细致，体验优越,社区治理,表扬,低
社区理发店儿童理发区安全舒适专业规范，家长放心,安全治理,表扬,低
社区超市促销活动真实惠让利真诚，消费者受益,民生服务,表扬,低
社区洗衣店特殊污渍处理技术专业高效可靠，去污力强,民生服务,表扬,低
社区咖啡厅手冲咖啡技艺精湛稳定专业，品质保证,民生服务,表扬,低
社区美容院美容师持续培训提升专业，技术精湛,医疗卫生,表扬,低
社区书店作者交流活动频繁深入专业，文化传播,文化生活,表扬,低
社区水果店果切服务专业便捷高效，体验良好,民生服务,表扬,低
社区健身房私教课程个性化专业科学，效果显著,民生服务,表扬,低
社区网吧禁烟管理严格规范专业，环境清新,环境卫生,表扬,低
社区邮政快递包装回收利用积极专业，环保践行,环境卫生,表扬,低
社区餐饮店厨房卫生管理规范严格专业，安全可靠,医疗卫生,表扬,低
社区移动公司5G网络优化维护及时专业，体验优越,安全治理,表扬,低
社区便利店热食种类创新丰富多样，需求满足,民生服务,表扬,低
社区供电公司故障预警及时准确专业，维护预防,安全治理,表扬,中
社区宠物医院住院部管理规范专业严格，护理周到,医疗卫生,表扬,低
社区水果店进口水果检疫证明齐全规范专业，安全可靠,医疗卫生,表扬,低
社区菜市场食品安全检测严格规范专业，健康保障,医疗卫生,表扬,低
社区KTV酒水供应商资质审核严格规范专业，质量保证,民生服务,表扬,低
社区药店处方药管理规范严格专业，安全用药,医疗卫生,表扬,低
社区烧烤店炭火质量把控严格规范专业，环保达标,环境卫生,表扬,低
社区银行残障人士服务设施完善专业周到，关怀到位,社区治理,表扬,低
社区理发店消毒记录完整规范专业，卫生可靠,医疗卫生,表扬,低
社区超市生鲜检测报告公示及时透明专业，信息可靠,医疗卫生,表扬,低
社区洗衣店取件流程优化简化专业，体验提升,民生服务,表扬,低
社区咖啡厅电源插座布局合理充足专业，使用方便,安全治理,表扬,低
社区美容院产品进货渠道正规可靠专业，质量保证,民生服务,表扬,低
社区书店阅读推荐精准专业个性创新，体验优越,文化生活,表扬,低
社区水果店果篮定制服务专业贴心周到，需求满足,民生服务,表扬,低
社区健身房更衣室管理规范严格专业，环境优良,环境卫生,表扬,低
社区网吧未成年人禁入执行严格规范专业，管理到位,安全治理,表扬,低
社区邮政国际包裹服务专业高效可靠规范，清关顺利,民生服务,表扬,低
社区餐饮店菜品研发创新不断专业，口味多样,民生服务,表扬,低
社区移动公司宽带安装服务专业及时可靠，网络稳定,安全治理,表扬,低
社区便利店热食供应稳定可靠专业，品质可控,民生服务,表扬,低
社区供电公司电费缴纳渠道多样便捷专业，效率提升,社区治理,表扬,低
社区宠物医院急诊响应迅速专业高效，救治及时,医疗卫生,表扬,高
社区水果店会员积分制度合理有效专业，粘性增强,民生服务,表扬,低
社区菜市场交易秩序良好规范严格，公平交易,民生服务,表扬,低
社区KTV消防安全管理规范严格专业，应急到位,安全治理,表扬,低
社区药店药品储存条件控制严格规范专业，质量可靠,医疗卫生,表扬,低
社区烧烤店员工健康管理规范严格专业，持证上岗,医疗卫生,表扬,低
社区银行理财产品信息披露透明规范专业，风险提示,社区治理,表扬,低
社区理发店预约管理科学合理专业，等待减少,民生服务,表扬,低
社区超市商品陈列科学合理规范专业，体验舒适,民生服务,表扬,低
社区洗衣店取件流程便捷高效优化专业，时间节省,民生服务,表扬,低
社区咖啡厅背景音乐选择恰当专业规范，氛围舒适,社区治理,表扬,低
社区美容院客户隐私保护措施完善严格专业，信息安全,安全治理,表扬,低
社区书店文化交流活动丰富深入专业，和谐促进,文化生活,表扬,低
社区水果店果品溯源系统完善可靠专业，质量可溯,民生服务,表扬,低
社区健身房通风系统运行良好专业规范，空气优质,环境卫生,表扬,低
社区网吧实名登记管理严格规范专业，经营规范,安全治理,表扬,低
社区邮政包裹投递时效稳定可靠专业，服务优质,民生服务,表扬,低
社区餐饮店外卖服务专业及时准确可靠，配送可靠,民生服务,表扬,低
社区移动公司投诉处理机制完善有效专业，客户满意,社区治理,表扬,低
社区便利店商品保质期管理严格规范专业，质量保障,民生服务,表扬,低
社区供电公司用电安全宣传深入有效专业，事故预防,安全治理,表扬,低
社区宠物医院医疗设备维护及时专业规范，运行稳定,医疗卫生,表扬,低
社区水果店退换货政策合理公正专业，权益保障,民生服务,表扬,低
社区菜市场垃圾分类执行到位规范专业，环境优良,环境卫生,表扬,低
社区KTV消费明细清晰透明规范专业，无隐性收费,民生服务,表扬,低
社区药店用药指导专业细致耐心规范，错误避免,医疗卫生,表扬,低
社区烧烤店食材采购质量控制严格规范专业，新鲜保证,医疗卫生,表扬,低
社区银行自助设备维护保养及时专业规范，运行稳定,安全治理,表扬,低
社区理发店儿童娱乐区安全管理到位专业规范，家长安心,安全治理,表扬,低
社区超市价格管理规范严格专业，欺诈杜绝,民生服务,表扬,低
社区洗衣店特殊污渍处理技术专业高效可靠，效果显著,民生服务,表扬,低
社区咖啡厅食品安全管理制度完善严格专业，执行到位,医疗卫生,表扬,低
社区美容院消毒隔离措施严格执行规范专业，感染预防,医疗卫生,表扬,低
社区书店阅读活动组织专业有序规范，参与积极,文化生活,表扬,低
社区水果店配送服务高效及时可靠专业，新鲜送达,民生服务,表扬,低
社区健身房安全警示标识清晰明确规范专业，事故预防,安全治理,表扬,低
社区网吧环境卫生维护及时专业规范，整洁舒适,环境卫生,表扬,低
社区邮政包裹查询系统便捷准确可靠专业，信息透明,民生服务,表扬,低
社区餐饮店员工服务培训到位专业规范，礼貌待客,民生服务,表扬,低
社区移动公司信号维护及时专业规范，质量稳定,安全治理,表扬,中
社区便利店热食保温设备运行良好可靠专业，品质稳定,民生服务,表扬,低
社区供电公司用电咨询服务专业耐心规范，解答到位,社区治理,表扬,低
社区宠物医院术后关怀到位及时专业，回访专业,医疗卫生,表扬,低
社区水果店果品包装精美环保创新专业，品质提升,民生服务,表扬,低
社区菜市场商户经营管理规范严格专业，证照齐全,民生服务,表扬,低
社区KTV音响设备维护专业规范严格，音质稳定,安全治理,表扬,低
社区药店药品价格管理规范透明专业，公正合理,医疗卫生,表扬,低
社区烧烤店排烟系统维护到位专业规范，环保达标,环境卫生,表扬,低
社区银行电子银行服务便捷高效可靠专业，体验良好,社区治理,表扬,低
社区理发店预约提醒服务贴心及时专业，遗忘避免,民生服务,表扬,低
社区超市商品补货及时准确规范专业，货架充足,民生服务,表扬,低
社区洗衣店取件流程简化优化专业规范，效率提升,民生服务,表扬,低
社区咖啡厅环境设计专业优雅精致，氛围舒适,民生服务,表扬,低
社区美容院产品试用服务到位专业规范，体验良好,民生服务,表扬,低
社区书店新书推荐及时准确专业规范，需求满足,文化生活,表扬,低
社区水果店果品保鲜技术先进可靠专业，品质稳定,民生服务,表扬,低
社区健身房团课预约系统稳定可靠专业规范，操作简便,安全治理,表扬,低
社区网吧电脑维护保养专业规范严格，运行流畅,安全治理,表扬,低
社区邮政包裹保管安全可靠专业规范，无丢失损坏,安全治理,表扬,低
社区餐饮店外卖保温措施到位专业规范，品质保持,民生服务,表扬,低
社区移动公司业务办理流程优化简化专业，效率提升,社区治理,表扬,低
社区便利店商品陈列科学合理规范专业，便于选购,民生服务,表扬,低
社区供电公司用电安全检查定期规范专业，隐患排除,安全治理,表扬,低
社区宠物医院医疗废物处理规范专业严格规范，环保达标,环境卫生,表扬,低
社区水果店果品质量检测严格规范专业，安全可靠,医疗卫生,表扬,低
社区菜市场卫生管理制度完善执行到位专业，环境整洁,环境卫生,表扬,低
社区KTV消防演练定期规范开展专业严格，应急能力提升,安全治理,表扬,低
社区药店处方审核严格专业规范严格，用药安全,医疗卫生,表扬,低
社区烧烤店员工培训系统专业规范严格，服务优质,民生服务,表扬,低
社区银行无障碍服务完善到位专业规范，便利特殊群体,社区治理,表扬,低
社区理发店消毒管理规范严格专业规范，卫生达标,医疗卫生,表扬,低
社区超市商品价格调整及时合理规范专业，市场反应,民生服务,表扬,低
社区洗衣店特殊面料处理经验丰富专业可靠规范，技术精湛,民生服务,表扬,低
社区咖啡厅咖啡豆供应链透明可靠专业规范，品质保证,民生服务,表扬,低
社区美容院美容仪器校准维护及时专业规范，效果稳定,医疗卫生,表扬,低
社区书店阅读活动形式多样创新专业规范，吸引力强,文化生活,表扬,低
社区水果店会员服务体系完善贴心专业，服务优质,民生服务,表扬,低
社区健身房空气质量监测定期规范专业严格，环境健康,环境卫生,表扬,低
社区网吧实名认证管理严格规范专业严格，执行到位,安全治理,表扬,低
社区邮政国际包裹清关服务专业高效可靠规范，时效保障,民生服务,表扬,低
社区餐饮店明厨亮灶工程实施到位专业规范，透明安全,医疗卫生,表扬,低
社区移动公司网络优化维护及时专业规范严格，信号稳定,安全治理,表扬,低
社区便利店热食制作规范卫生专业严格，品质可控,医疗卫生,表扬,低
社区供电公司停电应急预案完善有效专业规范，处置迅速,安全治理,表扬,高
社区宠物医院急诊抢救设备齐全先进专业规范，救治能力强,医疗卫生,表扬,高
社区水果店果品采购渠道正规可靠专业规范，质量保证,民生服务,表扬,低
社区菜市场公平交易监督到位规范专业，权益维护,民生服务,表扬,低
社区KTV消费环境安全管理规范严格专业，设施完好,安全治理,表扬,低
社区药店药品储存条件控制严格规范专业严格，质量保障,医疗卫生,表扬,低
社区烧烤店油烟净化设备清洗维护及时专业规范，排放达标,环境卫生,表扬,低
社区银行金融服务专业全面可靠规范，产品丰富,社区治理,表扬,低
社区理发店发型设计专业个性创新规范，需求满足,民生服务,表扬,低
社区超市自助收银系统稳定可靠专业规范，效率提升,安全治理,表扬,低
社区洗衣店取件提醒服务多样化贴心专业规范，超时避免,民生服务,表扬,低
社区咖啡厅环境安静舒适专业优雅规范，体验良好,民生服务,表扬,低
社区美容院客户信息保护严格规范专业严格，隐私安全,安全治理,表扬,低
社区书店文化生活策划专业创新深入规范，参与积极,文化生活,表扬,低
社区水果店线上商城运营规范高效专业规范，配送及时,民生服务,表扬,低
社区健身房团课内容丰富多样专业优质规范，需求满足,文化生活,表扬,低
社区网吧电脑配置高端专业先进规范，体验流畅,安全治理,表扬,低
社区邮政包裹投递准确可靠专业规范，满意度高,民生服务,表扬,低
社区餐饮店外卖配送保温专业及时可靠规范，品质保持,民生服务,表扬,低
社区移动公司客户服务热线畅通专业高效规范，问题解决,社区治理,表扬,低
社区便利店商品质量把控严格规范专业严格，真品保障,民生服务,表扬,低
社区供电公司智能电表运行稳定准确可靠规范，计量公正,安全治理,表扬,低
社区宠物医院医疗团队专业经验丰富精湛规范，水平高超,医疗卫生,表扬,低
社区水果店果品包装环保创新专业规范，绿色理念,环境卫生,表扬,低
社区菜市场商户诚信经营规范严格专业，权益保障,民生服务,表扬,低
社区KTV音响效果调试专业精准规范严格，体验优越,文化生活,表扬,低
社区药店中药质量把控严格专业规范严格，炮制规范,医疗卫生,表扬,低
社区烧烤店特色菜品研发创新不断专业规范，口味独特,民生服务,表扬,低
社区银行贵宾服务专业周到细致规范，体验优越,社区治理,表扬,低
社区理发店儿童理发区安全舒适专业规范严格，家长放心,安全治理,表扬,低
社区超市促销活动真实惠让利真诚规范，消费者受益,民生服务,表扬,低
社区洗衣店特殊污渍处理技术专业高效可靠规范，去污力强,民生服务,表扬,低
社区咖啡厅手冲咖啡技艺精湛稳定专业规范，品质保证,民生服务,表扬,低
社区美容院美容师持续培训提升专业规范，技术精湛,医疗卫生,表扬,低
社区书店作者交流活动频繁深入专业规范，文化传播,文化生活,表扬,低
社区水果店果切服务专业便捷高效规范，体验良好,民生服务,表扬,低
社区健身房私教课程个性化专业科学规范，效果显著,民生服务,表扬,低
社区网吧禁烟管理严格规范专业严格，环境清新,环境卫生,表扬,低
社区邮政快递包装回收利用积极专业规范，环保践行,环境卫生,表扬,低
社区餐饮店厨房卫生管理规范严格专业规范，安全可靠,医疗卫生,表扬,低
社区移动公司5G网络优化维护及时专业规范严格，体验优越,安全治理,表扬,低
社区便利店热食种类创新丰富多样规范，需求满足,民生服务,表扬,低
社区供电公司故障预警及时准确专业规范，维护预防,安全治理,表扬,中
社区宠物医院住院部管理规范专业严格规范，护理周到,医疗卫生,表扬,低
社区水果店进口水果检疫证明齐全规范专业严格，安全可靠,医疗卫生,表扬,低
社区菜市场食品安全检测严格规范专业严格，健康保障,医疗卫生,表扬,低
社区KTV酒水供应商资质审核严格规范专业严格，质量保证,民生服务,表扬,低
社区药店处方药管理规范严格专业规范，安全用药,医疗卫生,表扬,低
社区烧烤店炭火质量把控严格规范专业严格，环保达标,环境卫生,表扬,低
社区银行残障人士服务设施完善专业周到规范，关怀到位,社区治理,表扬,低
社区理发店消毒记录完整规范专业严格，卫生可靠,医疗卫生,表扬,低
社区超市生鲜检测报告公示及时透明专业规范，信息可靠,医疗卫生,表扬,低
社区洗衣店取件流程优化简化专业规范，体验提升,民生服务,表扬,低
社区咖啡厅电源插座布局合理充足专业规范，使用方便,安全治理,表扬,低
社区美容院产品进货渠道正规可靠专业规范，质量保证,民生服务,表扬,低
社区书店阅读推荐精准专业个性创新规范，体验优越,文化生活,表扬,低
社区水果店果篮定制服务专业贴心周到规范，需求满足,民生服务,表扬,低
社区健身房更衣室管理规范严格专业规范，环境优良,环境卫生,表扬,低
社区网吧未成年人禁入执行严格规范专业严格，管理到位,安全治理,表扬,低
社区邮政国际包裹服务专业高效可靠规范严格，清关顺利,民生服务,表扬,低
社区餐饮店菜品研发创新不断专业规范，口味多样,民生服务,表扬,低
社区移动公司宽带安装服务专业及时可靠规范，网络稳定,安全治理,表扬,低
社区便利店热食供应稳定可靠专业规范，品质可控,民生服务,表扬,低
社区供电公司电费缴纳渠道多样便捷专业规范，效率提升,社区治理,表扬,低
社区宠物医院急诊响应迅速专业高效规范，救治及时,医疗卫生,表扬,高
社区水果店会员积分制度合理有效专业规范，粘性增强,民生服务,表扬,低
社区菜市场交易秩序良好规范严格专业，公平交易,民生服务,表扬,低
社区KTV消防安全管理规范严格专业规范，应急到位,安全治理,表扬,低
社区药店药品储存条件控制严格规范专业严格规范，质量可靠,医疗卫生,表扬,低
社区烧烤店员工健康管理规范严格专业规范，持证上岗,医疗卫生,表扬,低
社区银行理财产品信息披露透明规范专业规范，风险提示,社区治理,表扬,低
社区理发店预约管理科学合理专业规范，等待减少,民生服务,表扬,低
社区超市商品陈列科学合理规范专业规范，体验舒适,民生服务,表扬,低
社区洗衣店取件流程便捷高效优化专业规范，时间节省,民生服务,表扬,低
社区咖啡厅背景音乐选择恰当专业规范严格，氛围舒适,社区治理,表扬,低
社区美容院客户隐私保护措施完善严格专业规范，信息安全,安全治理,表扬,低
社区书店文化交流活动丰富深入专业规范，和谐促进,文化生活,表扬,低
社区水果店果品溯源系统完善可靠专业规范，质量可溯,民生服务,表扬,低
社区健身房通风系统运行良好专业规范严格，空气优质,环境卫生,表扬,低
社区网吧实名登记管理严格规范专业规范，经营规范,安全治理,表扬,低
社区邮政包裹投递时效稳定可靠专业规范，服务优质,民生服务,表扬,低
社区餐饮店外卖服务专业及时准确可靠规范，配送可靠,民生服务,表扬,低
社区移动公司投诉处理机制完善有效专业规范，客户满意,社区治理,表扬,低
社区便利店商品保质期管理严格规范专业规范，质量保障,民生服务,表扬,低
社区供电公司用电安全宣传深入有效专业规范，事故预防,安全治理,表扬,低
社区宠物医院医疗设备维护及时专业规范严格，运行稳定,医疗卫生,表扬,低
社区水果店退换货政策合理公正专业规范，权益保障,民生服务,表扬,低
社区菜市场垃圾分类执行到位规范专业规范，环境优良,环境卫生,表扬,低
社区KTV消费明细清晰透明规范专业规范，无隐性收费,民生服务,表扬,低
社区药店用药指导专业细致耐心规范严格，错误避免,医疗卫生,表扬,低
社区烧烤店食材采购质量控制严格规范专业规范，新鲜保证,医疗卫生,表扬,低
社区银行自助设备维护保养及时专业规范严格，运行稳定,安全治理,表扬,低
社区理发店儿童娱乐区安全管理到位专业规范严格，家长安心,安全治理,表扬,低
社区超市价格管理规范严格专业规范，欺诈杜绝,民生服务,表扬,低
社区洗衣店特殊污渍处理技术专业高效可靠规范严格，效果显著,民生服务,表扬,低
社区咖啡厅食品安全管理制度完善严格专业规范，执行到位,医疗卫生,表扬,低
社区美容院消毒隔离措施严格执行规范专业规范，感染预防,医疗卫生,表扬,低
社区书店阅读活动组织专业有序规范严格，参与积极,文化生活,表扬,低
社区水果店配送服务高效及时可靠专业规范，新鲜送达,民生服务,表扬,低
社区健身房安全警示标识清晰明确规范专业严格，事故预防,安全治理,表扬,低
社区网吧环境卫生维护及时专业规范严格，整洁舒适,环境卫生,表扬,低
社区邮政包裹查询系统便捷准确可靠专业规范，信息透明,民生服务,表扬,低
社区餐饮店员工服务培训到位专业规范严格，礼貌待客,民生服务,表扬,低
社区移动公司信号维护及时专业规范严格，质量稳定,安全治理,表扬,中
社区便利店热食保温设备运行良好可靠专业规范，品质稳定,民生服务,表扬,低
社区供电公司用电咨询服务专业耐心规范严格，解答到位,社区治理,表扬,低
社区宠物医院术后关怀到位及时专业规范，回访专业,医疗卫生,表扬,低
社区水果店果品包装精美环保创新专业规范，品质提升,民生服务,表扬,低
社区菜市场商户经营管理规范严格专业规范，证照齐全,民生服务,表扬,低
社区KTV音响设备维护专业规范严格规范，音质稳定,安全治理,表扬,低
社区药店药品价格管理规范透明专业规范，公正合理,医疗卫生,表扬,低
社区烧烤店排烟系统维护到位专业规范严格，环保达标,环境卫生,表扬,低
社区银行电子银行服务便捷高效可靠专业规范，体验良好,社区治理,表扬,低
社区理发店预约提醒服务贴心及时专业规范，遗忘避免,民生服务,表扬,低
社区超市商品补货及时准确规范专业规范，货架充足,民生服务,表扬,低
社区洗衣店取件流程简化优化专业规范严格，效率提升,民生服务,表扬,低
社区咖啡厅环境设计专业优雅精致规范，氛围舒适,民生服务,表扬,低
社区美容院产品试用服务到位专业规范严格，体验良好,民生服务,表扬,低
社区书店新书推荐及时准确专业规范严格，需求满足,文化生活,表扬,低
社区水果店果品保鲜技术先进可靠专业规范，品质稳定,民生服务,表扬,低
社区健身房团课预约系统稳定可靠专业规范严格，操作简便,安全治理,表扬,低
社区网吧电脑维护保养专业规范严格规范，运行流畅,安全治理,表扬,低
社区邮政包裹保管安全可靠专业规范严格，无丢失损坏,安全治理,表扬,低
社区餐饮店外卖保温措施到位专业规范严格，品质保持,民生服务,表扬,低
社区移动公司业务办理流程优化简化专业规范，效率提升,社区治理,表扬,低
社区便利店商品陈列科学合理规范专业规范，便于选购,民生服务,表扬,低
社区供电公司用电安全检查定期规范专业规范，隐患排除,安全治理,表扬,低
社区宠物医院医疗废物处理规范专业严格规范严格，环保达标,环境卫生,表扬,低
社区水果店果品质量检测严格规范专业规范，安全可靠,医疗卫生,表扬,低
社区菜市场卫生管理制度完善执行到位专业规范，环境整洁,环境卫生,表扬,低
社区KTV消防演练定期规范开展专业严格规范，应急能力提升,安全治理,表扬,低
社区药店处方审核严格专业规范严格规范，用药安全,医疗卫生,表扬,低
社区烧烤店员工培训系统专业规范严格规范，服务优质,民生服务,表扬,低
社区银行无障碍服务完善到位专业规范规范，便利特殊群体,社区治理,表扬,低
社区理发店消毒管理规范严格专业规范严格，卫生达标,医疗卫生,表扬,低
社区超市商品价格调整及时合理规范专业规范，市场反应,民生服务,表扬,低
社区洗衣店特殊面料处理经验丰富专业可靠规范严格，技术精湛,民生服务,表扬,低
社区咖啡厅咖啡豆供应链透明可靠专业规范严格，品质保证,民生服务,表扬,低
社区美容院美容仪器校准维护及时专业规范严格，效果稳定,医疗卫生,表扬,低
社区书店阅读活动形式多样创新专业规范严格，吸引力强,文化生活,表扬,低
社区水果店会员服务体系完善贴心专业规范，服务优质,民生服务,表扬,低
社区健身房空气质量监测定期规范专业严格规范，环境健康,环境卫生,表扬,低
社区网吧实名认证管理严格规范专业严格规范，执行到位,安全治理,表扬,低
社区邮政国际包裹清关服务专业高效可靠规范严格，时效保障,民生服务,表扬,低
社区餐饮店明厨亮灶工程实施到位专业规范严格，透明安全,医疗卫生,表扬,低
社区移动公司网络优化维护及时专业规范严格规范，信号稳定,安全治理,表扬,低
社区便利店热食制作规范卫生专业严格规范，品质可控,医疗卫生,表扬,低
社区供电公司停电应急预案完善有效专业规范严格，处置迅速,安全治理,表扬,高
社区宠物医院急诊抢救设备齐全先进专业规范严格，救治能力强,医疗卫生,表扬,高
社区水果店果品采购渠道正规可靠专业规范严格，质量保证,民生服务,表扬,低
社区菜市场公平交易监督到位规范专业规范，权益维护,民生服务,表扬,低
社区KTV消费环境安全管理规范严格专业规范，设施完好,安全治理,表扬,低
社区药店药品储存条件控制严格规范专业严格规范，质量保障,医疗卫生,表扬,低
社区烧烤店油烟净化设备清洗维护及时专业规范严格，排放达标,环境卫生,表扬,低
社区银行金融服务专业全面可靠规范严格，产品丰富,社区治理,表扬,低
社区理发店发型设计专业个性创新规范严格，需求满足,民生服务,表扬,低
社区超市自助收银系统稳定可靠专业规范严格，效率提升,安全治理,表扬,低
社区洗衣店取件提醒服务多样化贴心专业规范严格，超时避免,民生服务,表扬,低
社区咖啡厅环境安静舒适专业优雅规范严格，体验良好,民生服务,表扬,低
社区美容院客户信息保护严格规范专业严格规范，隐私安全,安全治理,表扬,低
社区书店文化生活策划专业创新深入规范严格，参与积极,文化生活,表扬,低
社区水果店线上商城运营规范高效专业规范严格，配送及时,民生服务,表扬,低
社区健身房团课内容丰富多样专业优质规范严格，需求满足,文化生活,表扬,低
社区网吧电脑配置高端专业先进规范严格，体验流畅,安全治理,表扬,低
社区邮政包裹投递准确可靠专业规范严格，满意度高,民生服务,表扬,低
社区餐饮店外卖配送保温专业及时可靠规范严格，品质保持,民生服务,表扬,低
社区移动公司客户服务热线畅通专业高效规范严格，问题解决,社区治理,表扬,低
社区便利店商品质量把控严格规范专业严格规范，真品保障,民生服务,表扬,低
社区供电公司智能电表运行稳定准确可靠规范严格，计量公正,安全治理,表扬,低
社区宠物医院医疗团队专业经验丰富精湛规范严格，水平高超,医疗卫生,表扬,低
社区水果店果品包装环保创新专业规范严格，绿色理念,环境卫生,表扬,低
社区菜市场商户诚信经营规范严格专业规范，权益保障,民生服务,表扬,低
社区KTV音响效果调试专业精准规范严格规范，体验优越,文化生活,表扬,低
社区药店中药质量把控严格专业规范严格规范，炮制规范,医疗卫生,表扬,低
社区烧烤店特色菜品研发创新不断专业规范严格，口味独特,民生服务,表扬,低
社区银行贵宾服务专业周到细致规范严格，体验优越,社区治理,表扬,低
社区理发店儿童理发区安全舒适专业规范严格规范，家长放心,安全治理,表扬,低
社区超市促销活动真实惠让利真诚规范严格，消费者受益,民生服务,表扬,低
社区洗衣店特殊污渍处理技术专业高效可靠规范严格规范，去污力强,民生服务,表扬,低
社区咖啡厅手冲咖啡技艺精湛稳定专业规范严格，品质保证,民生服务,表扬,低
社区美容院美容师持续培训提升专业规范严格，技术精湛,医疗卫生,表扬,低
社区书店作者交流活动频繁深入专业规范严格，文化传播,文化生活,表扬,低
社区水果店果切服务专业便捷高效规范严格，体验良好,民生服务,表扬,低
社区健身房私教课程个性化专业科学规范严格，效果显著,民生服务,表扬,低
社区网吧禁烟管理严格规范专业严格规范，环境清新,环境卫生,表扬,低
社区邮政快递包装回收利用积极专业规范严格，环保践行,环境卫生,表扬,低
社区餐饮店厨房卫生管理规范严格专业规范严格，安全可靠,医疗卫生,表扬,低
社区移动公司5G网络优化维护及时专业规范严格规范，体验优越,安全治理,表扬,低
社区便利店热食种类创新丰富多样规范严格，需求满足,民生服务,表扬,低
社区供电公司故障预警及时准确专业规范严格，维护预防,安全治理,表扬,中
社区宠物医院住院部管理规范专业严格规范严格，护理周到,医疗卫生,表扬,低
社区水果店进口水果检疫证明齐全规范专业严格规范，安全可靠,医疗卫生,表扬,低
社区菜市场食品安全检测严格规范专业严格规范，健康保障,医疗卫生,表扬,低
社区KTV酒水供应商资质审核严格规范专业严格规范，质量保证,民生服务,表扬,低
社区药店处方药管理规范严格专业规范严格，安全用药,医疗卫生,表扬,低
社区烧烤店炭火质量把控严格规范专业严格规范，环保达标,环境卫生,表扬,低
社区银行残障人士服务设施完善专业周到规范严格，关怀到位,社区治理,表扬,低
社区理发店消毒记录完整规范专业严格规范，卫生可靠,医疗卫生,表扬,低
text,category,emotion,urgency
外卖小哥配送准时，态度友好，包装完好,民生服务,表扬,低
快递员送货上门，服务周到，雨天也坚持配送,民生服务,表扬,低
外卖包装破损，汤汁洒出，影响食用体验,民生服务,抱怨,低
快递放在驿站不通知，取件很不方便,民生服务,抱怨,中
外卖商家少送餐具，用餐时很尴尬,民生服务,抱怨,低
快递员提前确认签收，实际未收到包裹,民生服务,抱怨,中
外卖优惠活动真实，价格实惠分量足,民生服务,表扬,低
快递驿站营业时间合理，方便下班取件,民生服务,表扬,低
外卖配送超时严重，食物都凉了,民生服务,抱怨,中
快递包装完好，商品无损坏，配送及时,民生服务,表扬,低
外卖平台客服响应快，问题处理及时,社区治理,表扬,低
快递公司丢件处理慢，理赔流程复杂,民生服务,抱怨,中
外卖食品安全卫生，食材新鲜口感好,医疗卫生,表扬,低
快递驿站环境整洁，包裹摆放有序,环境卫生,表扬,低
外卖骑手闯红灯，存在安全隐患,交通管理,抱怨,高
快递车乱停乱放，堵塞小区通道,交通管理,抱怨,中
外卖平台优惠券使用方便，节省开支,民生服务,表扬,低
快递代收点服务热情，帮忙保管包裹,民生服务,表扬,低
外卖送错地址，耽误用餐时间,民生服务,抱怨,中
快递员态度恶劣，随意扔放包裹,民生服务,抱怨,中
外卖商家主动联系确认地址，服务细致,民生服务,表扬,低
快递公司节假日照常配送，服务不间断,民生服务,表扬,低
外卖餐品与图片不符，质量差很多,民生服务,抱怨,低
快递驿站取件排队时间长，效率低下,民生服务,抱怨,低
外卖保温效果好，送到还是热乎乎的,民生服务,表扬,低
快递员夜间配送，打扰居民休息,社区治理,抱怨,低
外卖平台退款及时，售后有保障,社区治理,表扬,低
快递公司虚假签收，客户投诉无门,民生服务,抱怨,中
外卖商家主动补送漏掉的餐品,民生服务,表扬,低
快递驿站提供包装回收，环保意识强,环境卫生,表扬,低
外卖骑手按门铃声音过大，影响休息,社区治理,抱怨,低
快递车鸣笛扰民，尤其在清晨时分,社区治理,抱怨,中
外卖平台新用户优惠真实有效,民生服务,表扬,低
快递驿站提供暂存服务，解决出差困扰,民生服务,表扬,低
外卖配送范围覆盖广，偏远地址也能送,民生服务,表扬,低
快递员不送货上楼，让老人自己搬运,民生服务,抱怨,中
外卖商家主动提供发票，报销方便,社区治理,表扬,低
快递公司保价服务到位，贵重物品安全,民生服务,表扬,低
外卖餐盒质量差，容易破损漏油,民生服务,抱怨,低
快递驿站消毒措施到位，防疫工作认真,医疗卫生,表扬,低
外卖骑手电动车充电乱拉电线,安全治理,抱怨,中
快递车超速行驶，小区内不安全,交通管理,抱怨,高
外卖平台会员权益实在，性价比高,民生服务,表扬,低
快递驿站代寄服务方便，包装专业,民生服务,表扬,低
外卖准时达服务可靠，时间精准,民生服务,表扬,低
快递员私自拆开包裹，侵犯隐私,安全治理,抱怨,高
外卖商家食材不新鲜，吃后不舒服,医疗卫生,抱怨,中
快递驿站节假日营业，方便居民,民生服务,表扬,低
外卖骑手聚集喧哗，影响小区安静,社区治理,抱怨,低
快递车占用消防通道，存在安全隐患,安全治理,抱怨,高
外卖平台投诉处理公正，不偏袒商家,社区治理,表扬,低
快递公司上门取件服务便捷,民生服务,表扬,低
外卖包装过度，不环保,环境卫生,抱怨,低
快递驿站提供纸箱回收，循环利用,环境卫生,表扬,低
外卖骑手不熟悉小区，经常送错楼,民生服务,抱怨,低
快递员雨天用塑料袋保护包裹，很贴心,民生服务,表扬,低
外卖商家分量足，性价比高,民生服务,表扬,低
快递驿站晚上营业到很晚，方便加班族,民生服务,表扬,低
外卖配送费涨价，成本增加,民生服务,抱怨,低
快递公司延误不通知，客户干着急,民生服务,抱怨,中
外卖平台推荐算法准确，符合口味,民生服务,表扬,低
快递驿站提供简易工具，方便拆包裹,民生服务,表扬,低
外卖骑手电动车警报器误响，扰民,社区治理,抱怨,低
快递车装卸货物噪音大，影响休息,社区治理,抱怨,中
外卖商家使用可降解餐盒，环保,环境卫生,表扬,低
快递公司包装规范，商品完好无损,民生服务,表扬,低
外卖餐品中有异物，卫生问题严重,医疗卫生,抱怨,中
快递驿站提供热水，方便等待的居民,民生服务,表扬,低
外卖骑手超速行驶，威胁行人安全,交通管理,抱怨,高
快递员态度好，主动帮忙搬运重物,民生服务,表扬,低
外卖平台积分兑换实惠，回馈客户,民生服务,表扬,低
快递公司节假日配送员充足，不积压,民生服务,表扬,低
外卖包装密封不严，汤汁泄漏,民生服务,抱怨,低
快递驿站照明充足，晚间取件安全,安全治理,表扬,低
外卖商家主动联系确认特殊要求,民生服务,表扬,低
快递员认真核对身份，防止误领,安全治理,表扬,低
外卖骑手在电梯里抽烟，影响他人,环境卫生,抱怨,中
快递车占用残疾人车位，缺乏公德,交通管理,抱怨,中
外卖平台新店优惠多，尝试新口味,民生服务,表扬,低
快递驿站提供充电服务，人性化,民生服务,表扬,低
外卖配送轨迹实时更新，掌握进度,民生服务,表扬,低
快递公司虚假宣传时效，实际延误,民生服务,抱怨,中
外卖商家使用劣质餐盒，遇热变形,民生服务,抱怨,低
快递驿站通风良好，不闷热,环境卫生,表扬,低
外卖骑手大声讲电话，影响他人,社区治理,抱怨,低
快递员雨天鞋套准备充分，保持干净,环境卫生,表扬,低
外卖平台客服24小时在线，随时解决,社区治理,表扬,低
快递公司保价理赔快速，不推诿,民生服务,表扬,低
外卖餐品温度不够，需要重新加热,民生服务,抱怨,低
快递驿站提供手推车，方便大件物品,民生服务,表扬,低
外卖骑手不按门铃，直接打电话,民生服务,抱怨,低
快递员代收货款规范，无差错,民生服务,表扬,低
外卖商家开发票速度快，不拖延,社区治理,表扬,低
快递公司包裹追踪系统准确,民生服务,表扬,低
外卖包装过于简陋，影响品质感,民生服务,抱怨,低
快递驿站垃圾分类做得好，环境整洁,环境卫生,表扬,低
外卖骑手电动车乱停放，阻碍通行,交通管理,抱怨,中
快递车发动机不熄火，尾气污染,环境卫生,抱怨,中
外卖平台满减活动真实，不玩套路,民生服务,表扬,低
快递驿站提供免费包装材料,民生服务,表扬,低
外卖配送范围突然缩小，无法订购,民生服务,抱怨,中
快递员熟悉小区路线，配送高效,民生服务,表扬,低
外卖商家餐品描述准确，无夸大,民生服务,表扬,低
快递公司节假日照常营业，服务稳定,民生服务,表扬,低
外卖餐盒设计合理，便于携带,民生服务,表扬,低
快递驿站监控完善，包裹安全,安全治理,表扬,低
外卖骑手佩戴口罩，卫生意识强,医疗卫生,表扬,低
快递员轻拿轻放，对待包裹细心,民生服务,表扬,低
外卖平台退款到账快，不拖延,社区治理,表扬,低
快递公司投诉渠道畅通，处理及时,社区治理,表扬,低
外卖商家主动提供餐具，考虑周到,民生服务,表扬,低
快递驿站提供雨具，雨天贴心,民生服务,表扬,低
外卖配送时间预估准确，便于安排,民生服务,表扬,低
快递员夜间配送不扰民，很文明,社区治理,表扬,低
外卖平台新功能实用，提升体验,民生服务,表扬,低
快递公司包装减量，环保意识强,环境卫生,表扬,低
外卖餐品口味稳定，品质如一,民生服务,表扬,低
快递驿站提供休息座椅，人性化,民生服务,表扬,低
外卖骑手遵守交通规则，文明配送,交通管理,表扬,低
快递员帮助老人操作手机取件,民生服务,表扬,低
外卖商家响应速度快，接单及时,民生服务,表扬,低
快递公司特殊物品配送专业,民生服务,表扬,低
外卖包装设计精美，提升食欲,民生服务,表扬,低
快递驿站消毒记录公示，让人放心,医疗卫生,表扬,低
外卖骑手统一着装，形象专业,民生服务,表扬,低
快递员配送前电话确认，避免空跑,民生服务,表扬,低
外卖平台优惠信息推送及时,民生服务,表扬,低
快递公司破损包裹主动赔偿,民生服务,表扬,低
外卖商家使用环保袋，减少塑料,环境卫生,表扬,低
快递驿站提供便民服务，很贴心,民生服务,表扬,低
外卖配送准时率越来越高,民生服务,表扬,低
快递员对待宠物友好，不惊扰,民生服务,表扬,低
外卖平台搜索结果准确，找店方便,民生服务,表扬,低
快递公司大促期间服务稳定,民生服务,表扬,低
外卖餐品营养搭配合理，很健康,医疗卫生,表扬,低
快递驿站提供应急药品，很暖心,医疗卫生,表扬,低
外卖骑手电动车保养好，噪音小,社区治理,表扬,低
快递员雨雪天气坚持配送，敬业,民生服务,表扬,低
外卖商家主动询问用餐体验,民生服务,表扬,低
快递公司智能柜覆盖广，取件便捷,安全治理,表扬,低
外卖包装密封性好，保温效果佳,民生服务,表扬,低
快递驿站提供老花镜，方便老人,民生服务,表扬,低
外卖骑手熟悉各楼栋，配送准确,民生服务,表扬,低
快递员帮助客户检查商品完好,民生服务,表扬,低
外卖平台客服专业，解决问题快,社区治理,表扬,低
快递公司异常件处理及时,民生服务,表扬,低
外卖商家食材溯源，安全可靠,医疗卫生,表扬,低
快递驿站提供免费饮水，很周到,民生服务,表扬,低
外卖配送范围扩展到郊区,民生服务,表扬,低
快递员配送时间灵活，配合客户,民生服务,表扬,低
外卖平台会员专享优惠多,民生服务,表扬,低
快递公司包装可循环利用,环境卫生,表扬,低
外卖餐品分量标注准确，不虚假,民生服务,表扬,低
快递驿站提供手机充电，应急服务,民生服务,表扬,低
外卖骑手配送路线优化，效率高,民生服务,表扬,低
快递员代收快递规范，无差错,民生服务,表扬,低
外卖商家开发票规范，报销顺利,社区治理,表扬,低
快递公司节假日服务不打烊,民生服务,表扬,低
外卖包装易开封，设计人性化,民生服务,表扬,低
快递驿站提供快递查询服务,民生服务,表扬,低
外卖骑手文明用语，服务态度好,民生服务,表扬,低
快递员认真核对收件人信息,安全治理,表扬,低
外卖平台新店推广力度大,民生服务,表扬,低
快递公司保价服务透明合理,民生服务,表扬,低
外卖商家响应客户需求及时,民生服务,表扬,低
快递驿站环境干净整洁,环境卫生,表扬,低
外卖配送夜间服务方便加班族,民生服务,表扬,低
快递员帮助客户搬运大件物品,民生服务,表扬,低
外卖平台积分兑换礼品实用,民生服务,表扬,低
快递公司客服回访及时,社区治理,表扬,低
外卖商家使用优质食材，口感好,民生服务,表扬,低
快递驿站提供简易维修工具,民生服务,表扬,低
外卖骑手遵守小区管理规定,社区治理,表扬,低
快递员雨雪天注意防滑，安全第一,安全治理,表扬,低
外卖平台优惠活动真实可信,民生服务,表扬,低
快递公司包装减量化，环保,环境卫生,表扬,低
外卖餐品温度控制精准，口感佳,民生服务,表扬,低
快递驿站提供应急照明，很贴心,安全治理,表扬,低
外卖骑手配送装备齐全，专业,民生服务,表扬,低
快递员耐心指导老人使用智能柜,民生服务,表扬,低
外卖商家主动跟进订单状态,民生服务,表扬,低
快递公司大件配送服务专业,民生服务,表扬,低
外卖包装设计合理，便于收纳,民生服务,表扬,低
快递驿站提供免费WiFi，方便查询,安全治理,表扬,低
外卖骑手熟悉各单元位置,民生服务,表扬,低
快递员配送前发送到达提醒,民生服务,表扬,低
外卖平台客服态度亲切专业,社区治理,表扬,低
快递公司异常天气照常服务,民生服务,表扬,低
外卖商家卫生等级高，吃得放心,医疗卫生,表扬,低
快递驿站提供便民药箱,医疗卫生,表扬,低
外卖配送覆盖时间延长，更便利,民生服务,表扬,低
快递员帮助客户处理退货流程,民生服务,表扬,低
外卖平台新功能提升使用体验,民生服务,表扬,低
快递公司绿色包装推广到位,环境卫生,表扬,低
外卖餐品营养信息标注清晰,医疗卫生,表扬,低
快递驿站提供免费纸笔，很周到,民生服务,表扬,低
外卖骑手电动车停放规范,交通管理,表扬,低
快递员雨雪天注意路面安全,安全治理,表扬,低
外卖商家响应投诉处理及时,社区治理,表扬,低
快递公司智能通知系统准确,民生服务,表扬,低
外卖包装材料环保可回收,环境卫生,表扬,低
快递驿站提供应急充电宝,民生服务,表扬,低
外卖骑手配送效率不断提升,民生服务,表扬,低
快递员认真负责，包裹无损坏,民生服务,表扬,低
外卖平台优惠信息真实有效,民生服务,表扬,低
快递公司节假日配送员充足,民生服务,表扬,低
外卖商家主动提供用餐建议,民生服务,表扬,低
快递驿站环境舒适，等待不累,民生服务,表扬,低
外卖配送范围持续扩大,民生服务,表扬,低
快递员帮助客户确认商品完好,民生服务,表扬,低
外卖平台积分活动丰富多样,民生服务,表扬,低
快递公司客服解决问题专业,社区治理,表扬,低
外卖商家食材新鲜，品质稳定,医疗卫生,表扬,低
快递驿站提供便民服务多样,民生服务,表扬,低
外卖骑手文明配送，获得好评,民生服务,表扬,低
快递员雨雪天配送注意安全,安全治理,表扬,低
外卖平台新店推广力度持续,民生服务,表扬,低
快递公司包装环保措施到位,环境卫生,表扬,低
外卖餐品温度保持良好，口感佳,民生服务,表扬,低
快递驿站提供应急服务贴心,民生服务,表扬,低
外卖骑手配送装备维护良好,民生服务,表扬,低
快递员耐心服务各年龄段客户,民生服务,表扬,低
外卖商家订单处理效率高,民生服务,表扬,低
快递公司大件物品配送专业,民生服务,表扬,低
外卖包装设计实用，便于携带,民生服务,表扬,低
快递驿站提供便民设施完善,民生服务,表扬,低
外卖骑手熟悉小区各个角落,民生服务,表扬,低
快递员配送提醒及时准确,民生服务,表扬,低
外卖平台客服服务专业周到,社区治理,表扬,低
快递公司异常情况处理及时,民生服务,表扬,低
外卖商家卫生管理严格规范,医疗卫生,表扬,低
快递驿站提供便民药箱齐全,医疗卫生,表扬,低
外卖配送服务时间更人性化,民生服务,表扬,低
快递员帮助客户解决配送问题,民生服务,表扬,低
外卖平台功能更新实用便捷,民生服务,表扬,低
快递公司环保包装推广积极,环境卫生,表扬,低
外卖餐品营养均衡搭配合理,医疗卫生,表扬,低
快递驿站提供便民服务贴心,民生服务,表扬,低
外卖骑手遵守交通秩序良好,交通管理,表扬,低
快递员雨雪天气配送安全第一,安全治理,表扬,低
外卖商家客户服务响应及时,社区治理,表扬,低
快递公司智能服务系统完善,民生服务,表扬,低
外卖包装环保材料使用普及,环境卫生,表扬,低
快递驿站提供应急服务周到,民生服务,表扬,低
外卖骑手配送效率持续提升,民生服务,表扬,低
快递员服务态度认真负责,民生服务,表扬,低
外卖平台优惠活动真实可靠,民生服务,表扬,低
快递公司节假日服务稳定可靠,民生服务,表扬,低
外卖商家主动服务意识强烈,民生服务,表扬,低
快递驿站环境整洁舒适宜人,环境卫生,表扬,低
外卖配送覆盖范围不断扩大,民生服务,表扬,低
快递员帮助客户确认商品质量,民生服务,表扬,低
外卖平台积分兑换活动丰富,民生服务,表扬,低
快递公司客服服务专业高效,社区治理,表扬,低
外卖商家食材品质严格把控,医疗卫生,表扬,低
快递驿站提供便民服务多样,民生服务,表扬,低
外卖骑手文明配送获得认可,民生服务,表扬,低
快递员雨雪天气注意配送安全,安全治理,表扬,低
外卖平台新店推广持续进行,民生服务,表扬,低
快递公司环保包装措施到位,环境卫生,表扬,低
外卖餐品温度控制精准稳定,民生服务,表扬,低
快递驿站提供应急服务完善,民生服务,表扬,低
外卖骑手配送装备维护到位,民生服务,表扬,低
快递员服务各年龄段客户耐心,民生服务,表扬,低
外卖商家订单处理效率高效,民生服务,表扬,低
快递公司大件配送专业可靠,民生服务,表扬,低
外卖包装设计实用便于使用,民生服务,表扬,低
快递驿站提供便民设施齐全,民生服务,表扬,低
外卖骑手熟悉配送区域全面,民生服务,表扬,低
快递员配送提醒服务及时,民生服务,表扬,低
外卖平台客服专业服务到位,社区治理,表扬,低
快递公司异常处理及时有效,民生服务,表扬,低
外卖商家卫生管理严格规范,医疗卫生,表扬,低
快递驿站提供便民药品齐全,医疗卫生,表扬,低
外卖配送服务时间合理安排,民生服务,表扬,低
快递员帮助解决配送问题及时,民生服务,表扬,低
外卖平台功能实用便捷好用,民生服务,表扬,低
快递公司环保包装推广积极,环境卫生,表扬,低
外卖餐品营养搭配科学合理,医疗卫生,表扬,低
快递驿站提供便民服务周到,民生服务,表扬,低
外卖骑手遵守交通规则良好,交通管理,表扬,低
快递员雨雪天气安全配送到位,安全治理,表扬,低
外卖商家客户服务响应快速,社区治理,表扬,低
快递公司智能服务系统完善,民生服务,表扬,低
外卖包装环保材料使用广泛,环境卫生,表扬,低
快递驿站提供应急服务贴心,民生服务,表扬,低
外卖骑手配送效率不断提升,民生服务,表扬,低
快递员服务认真负责到位,民生服务,表扬,低
外卖平台优惠活动真实有效,民生服务,表扬,低
快递公司节假日服务稳定好,民生服务,表扬,低
外卖商家主动服务意识强烈,民生服务,表扬,低
快递驿站环境整洁舒适好,环境卫生,表扬,低
外卖配送覆盖范围持续扩大,民生服务,表扬,低
快递员帮助客户确认商品好,民生服务,表扬,低
外卖平台积分活动丰富多样,民生服务,表扬,低
快递公司客服服务专业好,社区治理,表扬,低
外卖商家食材品质把控严格,医疗卫生,表扬,低
快递驿站提供便民服务多,民生服务,表扬,低
外卖骑手文明配送获好评,民生服务,表扬,低
快递员雨雪天气安全注意,安全治理,表扬,低
外卖平台新店推广力度大,民生服务,表扬,低
快递公司环保包装做得好,环境卫生,表扬,低
外卖餐品温度保持稳定好,民生服务,表扬,低
快递驿站提供应急服务好,民生服务,表扬,低
外卖骑手配送装备维护好,民生服务,表扬,低
快递员服务客户耐心周到,民生服务,表扬,低
外卖商家订单处理效率高,民生服务,表扬,低
快递公司大件配送专业好,民生服务,表扬,低
外卖包装设计实用方便,民生服务,表扬,低
快递驿站提供便民设施好,民生服务,表扬,低
外卖骑手熟悉区域全面,民生服务,表扬,低
快递员配送提醒及时准确,民生服务,表扬,低
外卖平台客服服务专业,社区治理,表扬,低
快递公司异常处理及时,民生服务,表扬,低
外卖商家卫生管理严格,医疗卫生,表扬,低
快递驿站提供便民药品,医疗卫生,表扬,低
外卖配送时间安排合理,民生服务,表扬,低
快递员帮助解决问题及时,民生服务,表扬,低
外卖平台功能实用便捷,民生服务,表扬,低
快递公司环保包装推广,环境卫生,表扬,低
外卖餐品营养搭配合理,医疗卫生,表扬,低
快递驿站提供便民服务,民生服务,表扬,低
外卖骑手遵守交通规则,交通管理,表扬,低
快递员雨雪天安全配送,安全治理,表扬,低
外卖商家服务响应快速,社区治理,表扬,低
快递公司智能服务完善,民生服务,表扬,低
外卖包装环保材料使用,环境卫生,表扬,低
快递驿站提供应急服务,民生服务,表扬,低
外卖骑手配送效率高,民生服务,表扬,低
快递员服务认真负责,民生服务,表扬,低
外卖平台优惠活动真实,民生服务,表扬,低
快递公司节假日服务好,民生服务,表扬,低
外卖商家主动服务意识强,民生服务,表扬,低
快递驿站环境整洁舒适,环境卫生,表扬,低
外卖配送范围扩大,民生服务,表扬,低
快递员帮助客户确认,民生服务,表扬,低
外卖平台积分活动丰富,民生服务,表扬,低
快递公司客服服务专业,社区治理,表扬,低
外卖商家食材品质好,医疗卫生,表扬,低
快递驿站提供便民服务,民生服务,表扬,低
外卖骑手文明配送好,民生服务,表扬,低
快递员雨雪天安全,安全治理,表扬,低
外卖平台新店推广,民生服务,表扬,低
快递公司环保包装,环境卫生,表扬,低
外卖餐品温度稳定,民生服务,表扬,低
快递驿站应急服务,民生服务,表扬,低
外卖骑手装备维护,民生服务,表扬,低
快递员服务耐心,民生服务,表扬,低
外卖商家效率高,民生服务,表扬,低
快递公司配送专业,民生服务,表扬,低
外卖包装实用,民生服务,表扬,低
快递驿站设施好,民生服务,表扬,低
外卖骑手熟悉区域,民生服务,表扬,低
快递员提醒及时,民生服务,表扬,低
外卖平台客服好,社区治理,表扬,低
快递公司处理及时,民生服务,表扬,低
外卖商家卫生好,医疗卫生,表扬,低
快递驿站药品全,医疗卫生,表扬,低
外卖配送合理,民生服务,表扬,低
快递员帮助及时,民生服务,表扬,低
外卖平台功能好,民生服务,表扬,低
快递公司环保好,环境卫生,表扬,低
外卖餐品营养好,医疗卫生,表扬,低
快递驿站服务好,民生服务,表扬,低
外卖骑手守规则,交通管理,表扬,低
快递员安全配送,安全治理,表扬,低
外卖商家响应快,社区治理,表扬,低
text,category,emotion,urgency
宠物店环境整洁，宠物健康活泼，店员专业负责,民生服务,表扬,低
遛狗不牵绳，宠物随地大小便，影响环境卫生,环境卫生,抱怨,中
宠物医院医生专业，对宠物耐心温柔，诊疗效果好,医疗卫生,表扬,低
小区流浪猫数量增多，夜间叫声扰民，影响休息,社区治理,抱怨,中
宠物美容店服务周到，宠物造型漂亮，主人满意,民生服务,表扬,低
宠物在电梯内大小便，主人不清理，卫生状况差,环境卫生,抱怨,中
宠物训练学校方法科学，宠物行为改善明显,民生服务,表扬,低
宠物吠叫扰民，尤其在深夜时段，影响邻里休息,社区治理,抱怨,中
宠物用品店商品齐全，质量可靠，价格合理,民生服务,表扬,低
宠物袭击其他小动物，存在安全隐患,安全治理,抱怨,高
宠物寄养服务专业，环境舒适，照顾周到,民生服务,表扬,低
宠物粪便不及时清理，污染公共环境,环境卫生,抱怨,中
宠物保险理赔顺利，服务贴心，保障全面,民生服务,表扬,低
宠物美容店使用劣质洗护产品，导致宠物皮肤过敏,医疗卫生,抱怨,中
宠物医院急诊服务及时，抢救宠物生命,医疗卫生,表扬,高
宠物随意进出商铺，影响正常经营,环境卫生,抱怨,低
宠物摄影服务专业，照片精美，记录美好瞬间,民生服务,表扬,低
宠物在公共座椅上跳跃，弄脏公共设施,环境卫生,抱怨,低
宠物托运服务安全可靠，宠物状态良好,民生服务,表扬,低
宠物店售卖病宠，存在欺诈行为,民生服务,抱怨,中
宠物殡葬服务人性化，给予主人心理安慰,民生服务,表扬,低
宠物在小区追逐儿童，造成安全隐患,安全治理,抱怨,高
宠物游泳馆水质清洁，设施安全，宠物喜欢,民生服务,表扬,低
宠物店卫生条件差，异味严重，影响周边,环境卫生,抱怨,中
宠物训练师专业耐心，改善宠物不良行为,民生服务,表扬,低
宠物在楼道内随意大小便，环境卫生恶劣,环境卫生,抱怨,中
宠物零食店产品新鲜，种类丰富，宠物爱吃,民生服务,表扬,低
宠物医院收费不透明，存在乱收费现象,医疗卫生,抱怨,中
宠物美容师技术精湛，服务细致，主人放心,民生服务,表扬,低
宠物随地交配，影响社区文明形象,环境卫生,抱怨,中
宠物用品店促销活动真实惠，性价比高,民生服务,表扬,低
宠物店通风不畅，气味难闻，影响周边商户,环境卫生,抱怨,中
宠物医院设备先进，诊断准确，治疗效果好,医疗卫生,表扬,低
宠物在绿化带挖坑，破坏公共绿化,环境卫生,抱怨,低
宠物寄养环境干净，照顾专业，主人安心,民生服务,表扬,低
宠物美容店预约系统混乱，经常需要等待,民生服务,抱怨,低
宠物训练课程设置合理，效果显著,民生服务,表扬,低
宠物在公共区域追逐嬉闹，影响他人,环境卫生,抱怨,低
宠物保险客服响应及时，理赔流程顺畅,民生服务,表扬,低
宠物店售卖过期食品，危害宠物健康,医疗卫生,抱怨,中
宠物医院24小时营业，紧急情况能及时处理,医疗卫生,表扬,高
宠物在儿童游乐区活动，存在安全隐患,安全治理,抱怨,中
宠物摄影棚环境温馨，拍摄过程愉快,民生服务,表扬,低
宠物托运过程中受伤，服务质量差,民生服务,抱怨,中
宠物殡葬服务尊重生命，仪式庄重,民生服务,表扬,低
宠物店虚假宣传品种，以次充好,民生服务,抱怨,中
宠物游泳馆救生设备齐全，安全保障到位,安全治理,表扬,低
宠物训练学校环境嘈杂，影响训练效果,社区治理,抱怨,低
宠物医院医生经验丰富，诊断准确,医疗卫生,表扬,低
宠物在小区池塘游泳，污染水质,环境卫生,抱怨,中
宠物美容店消毒措施到位，卫生安全,医疗卫生,表扬,低
宠物随地躺卧，影响公共区域卫生,环境卫生,抱怨,低
宠物用品店会员权益实在，优惠力度大,民生服务,表扬,低
宠物医院候诊区拥挤，等待时间长,医疗卫生,抱怨,中
宠物寄养服务提供实时视频，主人放心,民生服务,表扬,低
宠物在电梯内扑人，吓到其他居民,安全治理,抱怨,中
宠物训练师上门服务，方便忙碌的主人,民生服务,表扬,低
宠物店笼舍卫生差，宠物生活环境恶劣,环境卫生,抱怨,中
宠物保险保障范围广，理赔快捷,民生服务,表扬,低
宠物美容店使用劣质染料，危害宠物健康,医疗卫生,抱怨,中
宠物医院术后护理专业，恢复效果好,医疗卫生,表扬,低
宠物在楼道里脱毛，影响环境卫生,环境卫生,抱怨,低
宠物游泳馆水温适宜，宠物游得开心,民生服务,表扬,低
宠物训练学校教学方法落后，效果不佳,民生服务,抱怨,低
宠物用品店商品陈列整齐，选购方便,民生服务,表扬,低
宠物医院预约困难，经常需要排队,医疗卫生,抱怨,中
宠物寄养提供每日报告，让主人安心,民生服务,表扬,低
宠物在公共区域标记领地，气味难闻,环境卫生,抱怨,中
宠物摄影服务创意独特，照片有纪念意义,民生服务,表扬,低
宠物托运过程中喂食不及时，宠物挨饿,民生服务,抱怨,中
宠物殡葬服务环保，采用可降解材料,环境卫生,表扬,低
宠物店员工不专业，对宠物照顾不周,民生服务,抱怨,中
宠物游泳馆消毒措施严格，水质安全,医疗卫生,表扬,低
宠物训练场地设施简陋，存在安全隐患,安全治理,抱怨,中
宠物医院收费合理，服务性价比高,医疗卫生,表扬,低
宠物在小区追逐车辆，造成交通隐患,交通管理,抱怨,高
宠物美容店环境舒适，宠物不紧张,民生服务,表扬,低
宠物随地捡食垃圾，存在健康风险,医疗卫生,抱怨,中
宠物用品店新品更新快，紧跟潮流,民生服务,表扬,低
宠物医院候诊区宠物打架，秩序混乱,安全治理,抱怨,中
宠物寄养提供个性化服务，满足特殊需求,民生服务,表扬,低
宠物在公共区域发情，影响社区环境,环境卫生,抱怨,中
宠物训练效果持久，宠物行为稳定改善,民生服务,表扬,低
宠物店售卖未经检疫的宠物,医疗卫生,抱怨,中
宠物游泳馆更衣室干净整洁，使用舒适,环境卫生,表扬,低
宠物医院医生沟通耐心，解释病情详细,医疗卫生,表扬,低
宠物在绿化带排泄，破坏植物生长,环境卫生,抱怨,低
宠物美容店使用天然洗护产品，对宠物温和,医疗卫生,表扬,低
宠物训练学校师资力量强，教学水平高,民生服务,表扬,低
宠物用品店退换货政策合理，保障消费者权益,民生服务,表扬,低
宠物医院急诊响应迅速，抢救及时,医疗卫生,表扬,高
宠物在小区随意奔跑，威胁行人安全,安全治理,抱怨,中
宠物寄养环境隔离措施好，防止交叉感染,医疗卫生,表扬,低
宠物美容店预约系统便捷，节省等待时间,民生服务,表扬,低
宠物训练课程循序渐进，适合不同阶段的宠物,民生服务,表扬,低
宠物店笼舍空间充足，宠物活动自由,民生服务,表扬,低
宠物保险理赔人员专业，服务态度好,民生服务,表扬,低
宠物医院设备定期维护，运行稳定,医疗卫生,表扬,低
宠物在公共区域留下大量毛发,环境卫生,抱怨,低
宠物游泳馆安全员配备充足，监管到位,安全治理,表扬,低
宠物训练场地隔音效果好，不扰民,社区治理,表扬,低
宠物用品店商品质量可靠，无假冒伪劣,民生服务,表扬,低
宠物医院消毒措施严格，预防交叉感染,医疗卫生,表扬,低
宠物寄养提供专业美容服务，贴心周到,民生服务,表扬,低
宠物美容店工具消毒规范，卫生安全,医疗卫生,表扬,低
宠物训练师持证上岗，专业可靠,民生服务,表扬,低
宠物店员工爱护动物，服务热情,民生服务,表扬,低
宠物保险条款清晰，无隐藏条款,民生服务,表扬,低
宠物医院环境温馨，减轻宠物紧张情绪,医疗卫生,表扬,低
宠物游泳馆水质检测严格，符合卫生标准,医疗卫生,表扬,低
宠物训练学校毕业宠物行为规范,民生服务,表扬,低
宠物用品店促销活动真实，不虚假宣传,民生服务,表扬,低
宠物医院用药规范，无过度治疗,医疗卫生,表扬,低
宠物寄养提供实时监控，主人可随时查看,民生服务,表扬,低
宠物美容店使用国际品牌产品，质量有保障,民生服务,表扬,低
宠物训练方法科学人道，不虐待动物,民生服务,表扬,低
宠物店环境通风良好，无异味,环境卫生,表扬,低
宠物保险客服24小时在线，应急服务好,民生服务,表扬,低
宠物医院诊断设备先进，检查准确,医疗卫生,表扬,低
宠物游泳馆更衣室设施完善，使用方便,安全治理,表扬,低
宠物训练场地安全防护到位，无意外发生,安全治理,表扬,低
宠物用品店商品分类明确，便于寻找,民生服务,表扬,低
宠物医院医生继续教育，技术水平不断提升,医疗卫生,表扬,低
宠物寄养环境安静，利于宠物休息,社区治理,表扬,低
宠物美容店预约提醒服务，避免客户遗忘,民生服务,表扬,低
宠物训练师因材施教，针对不同宠物定制方案,民生服务,表扬,低
宠物店员工培训到位，服务专业规范,民生服务,表扬,低
宠物保险理赔速度快，不拖延,民生服务,表扬,低
宠物医院候诊区座位充足，环境舒适,医疗卫生,表扬,低
宠物游泳馆救生员训练有素，应急能力强,安全治理,表扬,低
宠物训练学校毕业率高，学员满意度高,民生服务,表扬,低
宠物用品店会员积分制度合理，回馈客户,民生服务,表扬,低
宠物医院用药记录完整，可追溯,医疗卫生,表扬,低
宠物寄养提供专业训练服务，增值服务好,民生服务,表扬,低
宠物美容店环境卫生达标，无污染,环境卫生,表扬,低
宠物训练场地定期消毒，卫生安全,医疗卫生,表扬,低
宠物店商品明码标价，价格透明,民生服务,表扬,低
宠物保险保障全面，涵盖常见疾病,民生服务,表扬,低
宠物医院医生执业资格齐全，合法合规,医疗卫生,表扬,低
宠物游泳馆水质循环系统完善，保持清洁,环境卫生,表扬,低
宠物训练学校课程设置科学，循序渐进,民生服务,表扬,低
宠物用品店新品试用服务，方便选择,民生服务,表扬,低
宠物医院医疗废物处理规范，环保达标,环境卫生,表扬,低
宠物寄养提供个性化饮食，照顾特殊需求,民生服务,表扬,低
宠物美容店使用环保产品，对环境友好,环境卫生,表扬,低
宠物训练师定期回访，关注训练效果,民生服务,表扬,低
宠物店退换货政策合理，保障权益,民生服务,表扬,低
宠物保险在线理赔，方便快捷,民生服务,表扬,低
宠物医院预约系统稳定，操作简便,医疗卫生,表扬,低
宠物游泳馆温度控制精准，舒适度高,安全治理,表扬,低
宠物训练场地照明充足，夜间也可训练,安全治理,表扬,低
宠物用品店配送服务及时，包装完好,民生服务,表扬,低
宠物医院医生沟通技巧好，缓解主人焦虑,医疗卫生,表扬,低
宠物寄养环境监控无死角，安全保障,安全治理,表扬,低
宠物美容店员工统一着装，形象专业,民生服务,表扬,低
宠物训练学校资质认证齐全，正规可靠,民生服务,表扬,低
宠物店商品质量检测严格，安全可靠,民生服务,表扬,低
宠物保险保费合理，性价比高,民生服务,表扬,低
宠物医院环境安静，利于宠物康复,社区治理,表扬,低
宠物游泳馆消毒记录公示，透明可信,医疗卫生,表扬,低
宠物训练师持证上岗，专业资质可靠,民生服务,表扬,低
宠物用品店商品陈列科学，购物体验好,民生服务,表扬,低
宠物医院医疗设备更新及时，技术先进,医疗卫生,表扬,低
宠物寄养提供健康检查，关注宠物状况,医疗卫生,表扬,低
宠物美容店预约时段合理，避免拥挤,民生服务,表扬,低
宠物训练方法获得业内认可，效果显著,民生服务,表扬,低
宠物店员工爱护动物，服务用心,民生服务,表扬,低
宠物保险理赔流程简化，客户省心,民生服务,表扬,低
宠物医院候诊区提供饮水，贴心服务,民生服务,表扬,低
宠物游泳馆安全设施完善，应急准备充分,安全治理,表扬,低
宠物训练学校学员反馈好，口碑优良,民生服务,表扬,低
宠物用品店促销活动真实惠，让利客户,民生服务,表扬,低
宠物医院用药规范，剂量准确,医疗卫生,表扬,低
宠物寄养环境舒适，宠物适应快,民生服务,表扬,低
宠物美容店消毒措施到位，预防疾病传播,医疗卫生,表扬,低
宠物训练场地维护良好，设施完好,安全治理,表扬,低
宠物店商品来源正规，质量有保障,民生服务,表扬,低
宠物保险客服专业，解答详细,民生服务,表扬,低
宠物医院诊断准确，治疗方案有效,医疗卫生,表扬,低
宠物游泳馆更衣室私密性好，使用安心,民生服务,表扬,低
宠物训练学校教学计划科学，效果明显,民生服务,表扬,低
宠物用品店商品信息透明，无虚假宣传,民生服务,表扬,低
宠物医院环境消毒严格，卫生达标,医疗卫生,表扬,低
宠物寄养提供专业护理，照顾周到,医疗卫生,表扬,低
宠物美容店使用优质产品，对宠物友好,医疗卫生,表扬,低
宠物训练师经验丰富，处理问题得当,民生服务,表扬,低
宠物店员工培训系统，服务水平稳定,民生服务,表扬,低
宠物保险理赔公正，不推诿责任,民生服务,表扬,低
宠物医院设备操作规范，安全可靠,医疗卫生,表扬,低
宠物游泳馆水质监测频繁，确保安全,医疗卫生,表扬,低
宠物训练场地分区合理，互不干扰,民生服务,表扬,低
宠物用品店售后服务到位，解决问题及时,民生服务,表扬,低
宠物医院用药记录详细，可追溯查询,医疗卫生,表扬,低
宠物寄养环境安静舒适，利于宠物休息,社区治理,表扬,低
宠物美容店预约管理科学，节省客户时间,民生服务,表扬,低
宠物训练方法不断创新，适应时代发展,民生服务,表扬,低
宠物店环境整洁卫生，宠物健康有保障,环境卫生,表扬,低
宠物保险保障范围持续扩大，服务完善,民生服务,表扬,低
宠物医院医生专业素养高，值得信赖,医疗卫生,表扬,低
宠物游泳馆安全管理制度完善，执行到位,安全治理,表扬,低
宠物训练学校师资队伍稳定，教学质量保证,民生服务,表扬,低
宠物用品店商品种类丰富，满足多元需求,民生服务,表扬,低
宠物医院医疗流程规范，服务标准化,医疗卫生,表扬,低
宠物寄养提供个性化服务，贴心周到,民生服务,表扬,低
宠物美容店卫生标准严格，执行到位,医疗卫生,表扬,低
宠物训练场地安全措施完善，预防事故,安全治理,表扬,低
宠物店商品质量把控严格，消费者放心,民生服务,表扬,低
宠物保险理赔服务优质，客户满意,民生服务,表扬,低
宠物医院环境温馨舒适，缓解宠物紧张,医疗卫生,表扬,低
宠物游泳馆设施维护及时，运行正常,安全治理,表扬,低
宠物训练学校课程内容丰富，实用性强,民生服务,表扬,低
宠物用品店价格公道，物有所值,民生服务,表扬,低
宠物医院消毒隔离措施到位，预防感染,医疗卫生,表扬,低
宠物寄养环境监控完善，安全保障充分,安全治理,表扬,低
宠物美容店员工服务热情，态度友好,民生服务,表扬,低
宠物训练师专业资质过硬，技术精湛,民生服务,表扬,低
宠物店经营管理规范，服务标准化,民生服务,表扬,低
宠物保险条款通俗易懂，无陷阱,民生服务,表扬,低
宠物医院医疗设备先进，诊断精准,医疗卫生,表扬,低
宠物游泳馆水质保持良好，清澈见底,环境卫生,表扬,低
宠物训练场地环境优美，训练效果好,民生服务,表扬,低
宠物用品店新品引进快速，紧跟市场需求,民生服务,表扬,低
宠物医院服务态度亲切，医患关系融洽,医疗卫生,表扬,低
宠物寄养提供专业医疗护理，安心放心,医疗卫生,表扬,低
宠物美容店使用国际认证产品，质量可靠,民生服务,表扬,低
宠物训练方法科学有效，获得认可,民生服务,表扬,低
宠物店员工专业培训到位，服务水平高,民生服务,表扬,低
宠物保险在线服务便捷，体验良好,民生服务,表扬,低
宠物医院环境安静整洁，就诊体验好,医疗卫生,表扬,低
宠物游泳馆安全设施齐全，应急准备充分,安全治理,表扬,低
宠物训练学校教学成果显著，口碑良好,民生服务,表扬,低
宠物用品店商品质量稳定，值得信赖,民生服务,表扬,低
宠物医院医疗流程优化，效率提升,医疗卫生,表扬,低
宠物寄养环境舒适温馨，宠物喜欢,民生服务,表扬,低
宠物美容店卫生管理严格，标准执行到位,医疗卫生,表扬,低
宠物训练场地维护专业，设施完好无损,安全治理,表扬,低
宠物店商品来源可追溯，质量有保障,民生服务,表扬,低
宠物保险理赔快速及时，服务周到,民生服务,表扬,低
宠物医院医生继续教育积极，技术水平提升,医疗卫生,表扬,低
宠物游泳馆消毒措施严格，卫生达标,医疗卫生,表扬,低
宠物训练学校师资力量雄厚，教学水平高,民生服务,表扬,低
宠物用品店促销活动真实有效，客户受益,民生服务,表扬,低
宠物医院用药规范严格，安全可靠,医疗卫生,表扬,低
宠物寄养提供专业训练，增值服务优质,民生服务,表扬,低
宠物美容店环境舒适优雅，体验良好,民生服务,表扬,低
宠物训练师因材施教专业，效果显著,民生服务,表扬,低
宠物店员工服务热情周到，客户满意,民生服务,表扬,低
宠物保险保障全面可靠，值得推荐,民生服务,表扬,低
宠物医院设备维护及时，运行稳定,医疗卫生,表扬,低
宠物游泳馆水质监测严格，安全有保障,医疗卫生,表扬,低
宠物训练场地分区科学，训练效率高,民生服务,表扬,低
宠物用品店售后服务完善，解决问题快,民生服务,表扬,低
宠物医院医疗记录完整，可追溯查询,医疗卫生,表扬,低
宠物寄养环境安静舒适，利于健康,社区治理,表扬,低
宠物美容店预约系统便捷，节省时间,民生服务,表扬,低
宠物训练方法持续改进，效果提升,民生服务,表扬,低
宠物店环境卫生达标，宠物健康有保障,环境卫生,表扬,低
宠物保险服务不断完善，客户体验好,民生服务,表扬,低
宠物医院医生专业负责，值得信赖,医疗卫生,表扬,低
宠物游泳馆安全管理规范，执行到位,安全治理,表扬,低
宠物训练学校教学质量稳定，成果显著,民生服务,表扬,低
宠物用品店商品种类齐全，满足需求,民生服务,表扬,低
宠物医院服务流程规范，效率高,医疗卫生,表扬,低
宠物寄养提供个性化照顾，服务贴心,民生服务,表扬,低
宠物美容店卫生标准执行严格，安全可靠,医疗卫生,表扬,低
宠物训练场地安全措施完善，无事故,安全治理,表扬,低
text,category,emotion,urgency
菜市场环境脏乱差，地面湿滑容易摔倒,环境卫生,抱怨,中
社区医院医生专业耐心，诊疗细致周到,医疗卫生,表扬,低
集市摊位占道经营，堵塞交通影响通行,环境卫生,抱怨,中
社区卫生服务站药品齐全，价格透明合理,医疗卫生,表扬,低
菜市场海鲜区异味严重，影响周边商户,环境卫生,抱怨,中
社区诊所夜间急诊服务及时，解决突发疾病,医疗卫生,表扬,高
集市卫生状况差，垃圾随意丢弃,环境卫生,抱怨,中
医院专家号难挂，预约系统经常崩溃,医疗卫生,抱怨,中
菜市场公平秤设置到位，维护消费者权益,民生服务,表扬,低
社区医院疫苗接种服务有序，防疫工作到位,医疗卫生,表扬,低
集市商贩缺斤少两，存在欺诈行为,民生服务,抱怨,中
医院排队时间长，候诊环境拥挤嘈杂,医疗卫生,抱怨,中
菜市场蔬菜新鲜，价格实惠亲民,民生服务,表扬,低
社区卫生服务中心家庭医生服务贴心,医疗卫生,表扬,低
集市噪音扰民，叫卖声影响居民休息,社区治理,抱怨,中
医院停车位紧张，就医停车困难,交通管理,抱怨,中
菜市场肉类检验合格，食品安全有保障,医疗卫生,表扬,低
社区诊所医生上门服务，方便行动不便老人,医疗卫生,表扬,低
集市消防通道被占用，存在安全隐患,安全治理,抱怨,高
医院医疗费用不透明，存在乱收费现象,医疗卫生,抱怨,中
菜市场垃圾分类不到位，环境卫生差,环境卫生,抱怨,中
社区医院慢病管理规范，用药指导专业,医疗卫生,表扬,低
集市假冒伪劣商品多，消费者权益受损,民生服务,抱怨,中
医院护工服务不到位，病人照顾不周,医疗卫生,抱怨,中
菜市场通风不畅，空气污浊难闻,环境卫生,抱怨,中
社区卫生站健康档案管理完善,医疗卫生,表扬,低
集市治安状况差，扒窃事件频发,安全治理,抱怨,高
医院电梯经常故障，影响病人就诊,安全治理,抱怨,中
菜市场熟食区卫生达标，食品安全可靠,医疗卫生,表扬,低
社区医院中医服务有特色，治疗效果显著,医疗卫生,表扬,低
集市占道经营严重，行人通行困难,环境卫生,抱怨,中
医院WiFi信号差，患者上网不便,安全治理,抱怨,低
菜市场照明不足，晚间购物不便,安全治理,抱怨,中
社区诊所医保结算便捷，报销及时,医疗卫生,表扬,低
集市商品质量参差不齐，监管不到位,民生服务,抱怨,中
医院候诊区座位不足，患者站立等待,医疗卫生,抱怨,中
菜市场商户诚信经营，童叟无欺,民生服务,表扬,低
社区医院预防保健宣传到位,医疗卫生,表扬,低
集市环境卫生打扫不及时，垃圾堆积,环境卫生,抱怨,中
医院导诊服务不专业，指路不清晰,医疗卫生,抱怨,低
菜市场交通管理混乱，车辆乱停乱放,交通管理,抱怨,中
社区卫生服务中心康复理疗效果好,医疗卫生,表扬,低
集市食品安全监管缺失，存在隐患,医疗卫生,抱怨,中
医院病房设施老旧，需要更新改造,安全治理,抱怨,中
菜市场活禽宰杀区域卫生差,环境卫生,抱怨,中
社区医院老年人体检服务周到,医疗卫生,表扬,低
集市计量器具不准，消费者吃亏,民生服务,抱怨,中
医院护工培训不到位，服务质量差,医疗卫生,抱怨,中
菜市场早市喧闹，影响周边居民休息,社区治理,抱怨,中
社区诊所疫情防控措施严格,医疗卫生,表扬,低
集市流动摊贩管理不规范,环境卫生,抱怨,中
医院便民设施不足，患者就医不便,安全治理,抱怨,低
菜市场菜品检测报告公示及时,医疗卫生,表扬,低
社区医院健康教育活动丰富,医疗卫生,表扬,低
集市消防设施不全，安全隐患大,安全治理,抱怨,高
医院医疗废物处理不规范,环境卫生,抱怨,中
菜市场下水道堵塞，污水横流,环境卫生,抱怨,中
社区卫生服务站环境整洁舒适,医疗卫生,表扬,低
集市假币流通，商户受损严重,安全治理,抱怨,中
医院专家坐诊时间少，难预约,医疗卫生,抱怨,中
菜市场公平交易，无强买强卖,民生服务,表扬,低
社区医院慢性病用药保障到位,医疗卫生,表扬,低
集市占用人行道，残疾人通行困难,环境卫生,抱怨,中
医院卫生间卫生条件差，有异味,环境卫生,抱怨,低
菜市场疫情防控措施到位,医疗卫生,表扬,低
社区诊所药品配送服务便捷,医疗卫生,表扬,低
集市治安巡逻不到位，秩序混乱,安全治理,抱怨,中
医院医疗设备维护不及时，影响诊疗,医疗卫生,抱怨,中
菜市场商户证照齐全，经营规范,民生服务,表扬,低
社区医院家庭医生签约服务好,医疗卫生,表扬,低
集市环境卫生责任落实不到位,环境卫生,抱怨,中
医院护工态度差，对病人不耐烦,医疗卫生,抱怨,中
菜市场照明系统完善，购物环境明亮,安全治理,表扬,低
社区卫生服务中心全科医生专业,医疗卫生,表扬,低
集市商品明码标价执行不到位,民生服务,抱怨,低
医院交通管理混乱，车辆堵塞通道,交通管理,抱怨,中
菜市场垃圾分类设施完善,环境卫生,表扬,低
社区医院中医理疗服务受欢迎,医疗卫生,表扬,低
集市占道堆放货物，影响市容,环境卫生,抱怨,中
医院候诊区电视故障，患者等待无聊,安全治理,抱怨,低
菜市场食品安全快速检测到位,医疗卫生,表扬,低
社区诊所预约就诊制度完善,医疗卫生,表扬,低
集市流动人口多，治安管理难度大,安全治理,抱怨,中
医院病房隔音效果差，影响休息,社区治理,抱怨,中
菜市场通风系统运行良好,环境卫生,表扬,低
社区医院健康咨询专业可靠,医疗卫生,表扬,低
集市假冒名牌商品多，打击不力,民生服务,抱怨,中
医院护工排班不合理，照顾不周,医疗卫生,抱怨,中
菜市场公平秤使用监督到位,民生服务,表扬,低
社区卫生服务中心环境温馨,医疗卫生,表扬,低
集市卫生许可证检查不严格,医疗卫生,抱怨,中
医院电梯维修不及时，患者上下楼困难,安全治理,抱怨,中
菜市场活禽检疫证明齐全,医疗卫生,表扬,低
社区医院疫情防控宣传到位,医疗卫生,表扬,低
集市占道经营整治效果不明显,环境卫生,抱怨,中
医院医疗费用结算系统经常故障,医疗卫生,抱怨,中
菜市场商户诚信度高，回头客多,民生服务,表扬,低
社区诊所应急药品储备充足,医疗卫生,表扬,低
集市消防安全演练流于形式,安全治理,抱怨,中
医院护工专业技能培训不足,医疗卫生,抱怨,低
菜市场下水系统维护及时,环境卫生,表扬,低
社区医院老年人绿色通道畅通,医疗卫生,表扬,低
集市计量监督不到位，消费者维权难,民生服务,抱怨,中
医院病房消毒不彻底，有交叉感染风险,医疗卫生,抱怨,高
菜市场疫情防控测温严格,医疗卫生,表扬,低
社区卫生服务站慢病随访到位,医疗卫生,表扬,低
集市假货查处力度不够,民生服务,抱怨,中
医院便民服务设施维护差,安全治理,抱怨,低
菜市场商品明码标价规范,民生服务,表扬,低
社区医院健康档案电子化管理,医疗卫生,表扬,低
集市占道经营回潮现象严重,环境卫生,抱怨,中
医院护工人员配备不足,医疗卫生,抱怨,中
菜市场垃圾分类指导员负责,环境卫生,表扬,低
社区诊所医生沟通耐心细致,医疗卫生,表扬,低
集市治安摄像头覆盖不全,安全治理,抱怨,中
医院医疗设备更新换代慢,安全治理,抱怨,中
菜市场食品安全信息公示及时,医疗卫生,表扬,低
社区医院家庭医生服务覆盖广,医疗卫生,表扬,低
集市环境卫生考核流于形式,环境卫生,抱怨,中
医院护工服务标准不统一,医疗卫生,抱怨,低
菜市场停车位规划合理,交通管理,表扬,低
社区卫生服务中心用药指导专业,医疗卫生,表扬,低
集市商品质量抽查频率低,民生服务,抱怨,低
医院候诊区环境拥挤不堪,医疗卫生,抱怨,中
菜市场疫情防控物资配备充足,医疗卫生,表扬,低
社区诊所转诊服务便捷高效,医疗卫生,表扬,低
集市消防设施被货物遮挡,安全治理,抱怨,高
医院护工工作流程不规范,医疗卫生,抱怨,低
菜市场公平秤定期检定,民生服务,表扬,低
社区医院健康促进活动多样,医疗卫生,表扬,低
集市假冒伪劣商品打击不力,民生服务,抱怨,中
医院病房设施维修响应慢,安全治理,抱怨,中
菜市场卫生保洁工作到位,环境卫生,表扬,低
社区卫生服务站疫情防控严格,医疗卫生,表扬,低
集市占道经营影响交通秩序,交通管理,抱怨,中
医院护工服务态度需要改善,医疗卫生,抱怨,低
菜市场商品溯源系统完善,民生服务,表扬,低
社区医院慢性病管理效果显著,医疗卫生,表扬,低
集市环境卫生责任区划分不清,环境卫生,抱怨,中
医院医疗废物分类不规范,环境卫生,抱怨,中
菜市场疫情防控宣传到位,医疗卫生,表扬,低
社区诊所健康咨询服务专业,医疗卫生,表扬,低
集市治安巡逻时间安排不合理,安全治理,抱怨,中
医院护工培训内容需要更新,医疗卫生,抱怨,低
菜市场照明系统节能环保,安全治理,表扬,低
社区医院家庭医生响应及时,医疗卫生,表扬,低
集市商品价格监管不到位,民生服务,抱怨,低
医院便民设施使用指引不清,安全治理,抱怨,低
菜市场食品安全快速检测专业,医疗卫生,表扬,低
社区卫生服务中心环境消毒严格,医疗卫生,表扬,低
集市占道经营整治后反弹快,环境卫生,抱怨,中
医院护工服务监督机制不完善,医疗卫生,抱怨,低
菜市场公平交易环境良好,民生服务,表扬,低
社区医院健康档案更新及时,医疗卫生,表扬,低
集市消防安全隐患整改不及时,安全治理,抱怨,高
医院医疗设备保养记录不全,医疗卫生,抱怨,低
菜市场疫情防控措施执行严格,医疗卫生,表扬,低
社区诊所药品管理规范,医疗卫生,表扬,低
集市环境卫生评比流于形式,环境卫生,抱怨,低
医院护工排班系统需要优化,医疗卫生,抱怨,低
菜市场交通管理有序规范,交通管理,表扬,低
社区医院健康宣教形式多样,医疗卫生,表扬,低
集市商品质量投诉处理慢,民生服务,抱怨,中
医院候诊区环境需要改善,医疗卫生,抱怨,中
菜市场疫情防控物资发放及时,医疗卫生,表扬,低
社区卫生服务站服务时间合理,医疗卫生,表扬,低
集市占道经营影响居民生活,环境卫生,抱怨,中
医院护工服务流程需要规范,医疗卫生,抱怨,低
菜市场公平秤使用监督有效,民生服务,表扬,低
社区医院慢性病用药保障好,医疗卫生,表扬,低
集市环境卫生打扫质量差,环境卫生,抱怨,中
医院医疗废物处理需要规范,环境卫生,抱怨,中
菜市场疫情防控检查严格,医疗卫生,表扬,低
社区诊所应急救治能力提升,医疗卫生,表扬,低
集市治安管理需要加强,安全治理,抱怨,中
医院护工服务标准需要统一,医疗卫生,抱怨,低
菜市场照明系统维护及时,安全治理,表扬,低
社区医院家庭医生服务满意,医疗卫生,表扬,低
集市商品质量监管需要加强,民生服务,抱怨,中
医院便民设施需要完善,安全治理,抱怨,低
菜市场食品安全检测专业,医疗卫生,表扬,低
社区卫生服务中心消毒到位,医疗卫生,表扬,低
集市占道经营治理需要持续,环境卫生,抱怨,中
医院护工服务需要改进,医疗卫生,抱怨,低
菜市场公平交易环境优越,民生服务,表扬,低
社区医院健康管理服务专业,医疗卫生,表扬,低
集市消防安全需要重视,安全治理,抱怨,高
医院医疗设备维护需要加强,安全治理,抱怨,中
菜市场疫情防控措施完善,医疗卫生,表扬,低
社区诊所服务态度亲切,医疗卫生,表扬,低
集市环境卫生需要改善,环境卫生,抱怨,中
医院护工管理需要规范,医疗卫生,抱怨,低
菜市场停车秩序良好,交通管理,表扬,低
社区医院健康促进效果好,医疗卫生,表扬,低
集市商品质量需要提升,民生服务,抱怨,中
医院候诊环境需要优化,医疗卫生,抱怨,中
菜市场疫情防控执行到位,医疗卫生,表扬,低
社区卫生服务站用药指导专业,医疗卫生,表扬,低
集市占道经营需要整治,环境卫生,抱怨,中
医院护工服务需要提升,医疗卫生,抱怨,低
菜市场公平秤管理规范,民生服务,表扬,低
社区医院慢性病管理专业,医疗卫生,表扬,低
集市环境卫生需要加强,环境卫生,抱怨,中
医院医疗废物处理需要改进,环境卫生,抱怨,中
菜市场疫情防控严格认真,医疗卫生,表扬,低
社区诊所医疗服务专业可靠,医疗卫生,表扬,低
集市治安状况需要改善,安全治理,抱怨,中
医院护工培训需要加强,医疗卫生,抱怨,低
菜市场照明系统运行稳定,安全治理,表扬,低
社区医院家庭医生服务优质,医疗卫生,表扬,低
集市商品监管需要强化,民生服务,抱怨,中
医院便民设施需要维护,安全治理,抱怨,低
菜市场食品安全有保障,医疗卫生,表扬,低
社区卫生服务中心环境优良,医疗卫生,表扬,低
集市占道经营需要管理,环境卫生,抱怨,中
医院护工服务需要规范,医疗卫生,抱怨,低
菜市场交易公平公正,民生服务,表扬,低
社区医院健康服务到位,医疗卫生,表扬,低
集市消防安全要重视,安全治理,抱怨,高
医院设备维护要及时,安全治理,抱怨,中
菜市场防控措施到位,医疗卫生,表扬,低
社区诊所服务专业,医疗卫生,表扬,低
集市环境要改善,环境卫生,抱怨,中
医院护工要规范,医疗卫生,抱怨,低
菜市场停车有序,交通管理,表扬,低
社区医院服务好,医疗卫生,表扬,低
集市质量要提升,民生服务,抱怨,中
医院环境要优化,医疗卫生,抱怨,中
菜市场防控严格,医疗卫生,表扬,低
社区卫生站专业,医疗卫生,表扬,低
集市占道要整治,环境卫生,抱怨,中
医院护工要提升,医疗卫生,抱怨,低
菜市场公平规范,民生服务,表扬,低
社区医院管理好,医疗卫生,表扬,低
集市卫生要加强,环境卫生,抱怨,中
医院废物要规范,环境卫生,抱怨,中
菜市场防控到位,医疗卫生,表扬,低
社区诊所服务好,医疗卫生,表扬,低
集市治安要改善,安全治理,抱怨,中
医院护工要加强,医疗卫生,抱怨,低
菜市场照明良好,安全治理,表扬,低
社区医院服务优,医疗卫生,表扬,低
集市监管要强化,民生服务,抱怨,中
医院设施要维护,安全治理,抱怨,低
菜市场安全可靠,医疗卫生,表扬,低
社区卫生环境好,医疗卫生,表扬,低
集市占道要管理,环境卫生,抱怨,中
医院护工要规范,医疗卫生,抱怨,低
菜市场公平交易,民生服务,表扬,低
社区医院服务到位,医疗卫生,表扬,低
集市消防要重视,安全治理,抱怨,高
医院设备要及时,安全治理,抱怨,中
菜市场防控到位,医疗卫生,表扬,低
社区诊所专业好,医疗卫生,表扬,低
集市环境要改善,环境卫生,抱怨,中
医院护工要规范,医疗卫生,抱怨,低
菜市场停车良好,交通管理,表扬,低
社区医院服务好,医疗卫生,表扬,低
集市质量要提升,民生服务,抱怨,中
医院环境要优化,医疗卫生,抱怨,中
菜市场防控严格,医疗卫生,表扬,低
社区卫生站专业,医疗卫生,表扬,低
集市占道要整治,环境卫生,抱怨,中
医院护工要提升,医疗卫生,抱怨,低
菜市场公平规范,民生服务,表扬,低
社区医院管理好,医疗卫生,表扬,低
集市卫生要加强,环境卫生,抱怨,中
医院废物要规范,环境卫生,抱怨,中
菜市场防控到位,医疗卫生,表扬,低
社区诊所服务好,医疗卫生,表扬,低
集市治安要改善,安全治理,抱怨,中
医院护工要加强,医疗卫生,抱怨,低
菜市场照明良好,安全治理,表扬,低
社区医院服务优,医疗卫生,表扬,低
text,category,emotion,urgency
社区法律咨询室服务专业，为居民解答法律问题,民生服务,表扬,低
小区内车辆超速行驶，威胁行人安全，需要加强管理,交通管理,抱怨,高
社区文艺汇演节目精彩，丰富了居民文化生活,文化生活,表扬,低
夜间巡逻频次不足，存在治安隐患,安全治理,抱怨,中
法律援助中心为困难群众提供免费民生服务,民生服务,表扬,低
共享单车乱停乱放，堵塞人行通道,交通管理,抱怨,中
社区图书馆环境安静，藏书丰富，借阅方便,文化生活,表扬,低
消防通道被占用，应急救援存在风险,安全治理,抱怨,高
社区调解员专业耐心，成功化解邻里纠纷,民生服务,表扬,低
主干道乱停车严重，影响交通畅通,交通管理,抱怨,中
书法绘画培训班深受老年人欢迎,文化生活,表扬,低
监控摄像头多个故障，安全防范存在漏洞,安全治理,抱怨,中
普法宣传进社区，提高居民法律意识,民生服务,表扬,低
电动车在机动车道逆行，交通安全隐患大,交通管理,抱怨,高
社区戏曲社团演出传统剧目，传承文化,文化生活,表扬,低
陌生人频繁进出小区，保安盘查不严,安全治理,抱怨,中
法律知识讲座内容实用，居民受益匪浅,民生服务,表扬,低
停车场指示标识不清，新手停车困难,交通管理,抱怨,低
儿童绘本馆环境温馨，促进亲子阅读,文化生活,表扬,低
高空抛物现象屡禁不止，十分危险,安全治理,抱怨,高
社区律师值班制度完善，咨询方便,民生服务,表扬,低
公交站点设置不合理，居民出行不便,交通管理,抱怨,中
广场舞音乐音量适中，不扰民,文化生活,表扬,低
夜间照明不足，部分区域存在安全隐患,安全治理,抱怨,中
法律援助申请流程简化，服务贴心,民生服务,表扬,低
人行道地砖松动，雨天易积水滑倒,交通管理,抱怨,中
社区电影院定期放映公益电影,文化生活,表扬,低
单元门禁经常故障，安全防护形同虚设,安全治理,抱怨,中
消费者权益保护宣传到位，维权意识提高,民生服务,表扬,低
停车场充电桩数量不足，电动车充电困难,交通管理,抱怨,中
手工制作课程培养居民动手能力,文化生活,表扬,低
消防设施检查记录缺失，管理不规范,安全治理,抱怨,中
邻里纠纷调解成功率高达95%,民生服务,表扬,低
交通信号灯配时不合理，路口经常拥堵,交通管理,抱怨,中
社区艺术团赴外地交流演出获好评,文化生活,表扬,低
保安年龄偏大，应急处置能力不足,安全治理,抱怨,中
遗嘱继承法律知识普及，避免家庭纠纷,民生服务,表扬,低
盲道被占用，残疾人通行困难,交通管理,抱怨,中
读书分享会促进居民文化交流,文化生活,表扬,低
安防系统经常误报，影响正常生活,安全治理,抱怨,低
劳动合同法律咨询帮助务工人员维权,民生服务,表扬,低
学校周边交通秩序混乱，学生安全堪忧,交通管理,抱怨,高
传统文化体验活动深受年轻人喜爱,文化生活,表扬,低
应急预案不完善，突发事件处置混乱,安全治理,抱怨,中
房产纠纷法律指导专业，化解矛盾,民生服务,表扬,低
共享汽车随意停放，影响小区秩序,交通管理,抱怨,中
社区歌咏比赛增进邻里感情,文化生活,表扬,低
保安巡逻流于形式，安全隐患未发现,安全治理,抱怨,中
防诈骗法律宣传有效，避免财产损失,民生服务,表扬,低
道路施工警示标识不明显，存在安全隐患,交通管理,抱怨,中
摄影培训班提升居民艺术修养,文化生活,表扬,低
消防演练参与度低，实际效果不佳,安全治理,抱怨,低
婚姻家庭法律咨询保护妇女权益,民生服务,表扬,低
停车场管理系统经常故障,交通管理,抱怨,中
民俗文化节展示地方特色,文化生活,表扬,低
陌生人尾随居民进入楼道,安全治理,抱怨,高
消费者维权法律援助及时有效,民生服务,表扬,低
交通协管员在岗不尽责,交通管理,抱怨,中
社区文艺创作作品获得市级奖项,文化生活,表扬,低
监控录像调取流程复杂，耽误破案,安全治理,抱怨,中
法律文书代写服务规范专业,民生服务,表扬,低
非机动车道被机动车占用,交通管理,抱怨,中
戏曲进社区活动弘扬传统文化,文化生活,表扬,低
消防知识宣传不到位，居民意识淡薄,安全治理,抱怨,低
劳动争议调解避免诉讼纠纷,民生服务,表扬,低
交通标志被树木遮挡，影响识别,交通管理,抱怨,低
邻里文化节促进社区和谐,文化生活,表扬,低
保安交接班存在空档期,安全治理,抱怨,中
法律咨询热线24小时畅通,民生服务,表扬,低
停车场通风系统故障，空气污浊,交通管理,抱怨,中
手工艺大赛展示居民才艺,文化生活,表扬,低
应急物资储备不足，难以应对突发事件,安全治理,抱怨,中
法律援助案件跟踪回访及时,民生服务,表扬,低
交通违法举报渠道不畅通,交通管理,抱怨,低
社区文化墙美化环境传播正能量,文化生活,表扬,低
安防设备维护不及时，故障频发,安全治理,抱怨,中
法律知识竞赛激发学习热情,民生服务,表扬,低
停车场照明不足，夜间停车不安全,交通管理,抱怨,中
老年大学课程丰富晚年生活,文化生活,表扬,低
保安培训不到位，专业技能欠缺,安全治理,抱怨,中
消费维权快速通道解决纠纷,民生服务,表扬,低
交通疏导员在高峰时段缺岗,交通管理,抱怨,中
非遗文化传承活动有意义,文化生活,表扬,低
消防通道标识不清，紧急时难找,安全治理,抱怨,中
法律顾问定期走访企业服务,民生服务,表扬,低
停车场地面标线模糊不清,交通管理,抱怨,低
社区艺术展提升文化品位,文化生活,表扬,低
应急预案演练缺乏实战性,安全治理,抱怨,低
民生服务站节假日照常办公,民生服务,表扬,低
交通设施损坏维修不及时,交通管理,抱怨,中
文艺志愿服务温暖人心,文化生活,表扬,低
保安对可疑人员排查不细致,安全治理,抱怨,中
在线法律咨询方便快捷,民生服务,表扬,低
停车场排水系统不畅，雨天积水,交通管理,抱怨,中
社区文化团队外出交流学习,文化生活,表扬,低
消防器材被挪用，紧急时无法使用,安全治理,抱怨,高
法律宣传材料发放覆盖全面,民生服务,表扬,低
交通秩序整治行动效果显著,交通管理,表扬,中
传统文化讲座吸引众多听众,文化生活,表扬,低
保安应急处置能力有待提高,安全治理,抱怨,中
法律援助为弱势群体撑腰,民生服务,表扬,低
智能停车系统提升管理效率,交通管理,表扬,低
社区书画展促进艺术交流,文化生活,表扬,低
安全防范宣传形式需要创新,安全治理,抱怨,低
法律咨询预约系统便捷高效,民生服务,表扬,低
交通志愿者服务认真负责,交通管理,表扬,低
文艺汇演搭建居民展示平台,文化生活,表扬,低
夜间安保力量需要加强,安全治理,抱怨,中
民生服务站环境舒适温馨,民生服务,表扬,低
交通设施维护保养及时到位,交通管理,表扬,低
阅读推广活动培养读书习惯,文化生活,表扬,低
消防隐患排查整改不到位,安全治理,抱怨,中
法律咨询隐私保护措施完善,民生服务,表扬,低
停车场环境整洁管理规范,交通管理,表扬,低
社区艺术团获得多项荣誉,文化生活,表扬,低
保安队伍需要年轻化专业化,安全治理,抱怨,中
法律援助案件质量跟踪评估,民生服务,表扬,低
交通秩序改善获得居民认可,交通管理,表扬,中
文化惠民工程实实在在,文化生活,表扬,低
安全管理制度需要完善,安全治理,抱怨,低
民生服务站便民设施齐全,民生服务,表扬,低
智能交通系统运行稳定,交通管理,表扬,低
文艺活动丰富多彩有特色,文化生活,表扬,低
应急响应机制需要优化,安全治理,抱怨,中
法律咨询服务质量持续提升,民生服务,表扬,低
交通管理科技含量提高,交通管理,表扬,低
文化设施使用率不断提高,文化生活,表扬,低
安全防护体系需要加强,安全治理,抱怨,中
民生服务站开放时间合理,民生服务,表扬,低
停车场管理更加智能化,交通管理,表扬,低
文化团队建设成效显著,文化生活,表扬,低
安保工作得到居民肯定,安全治理,表扬,低
法律咨询服务范围扩大,民生服务,表扬,低
交通秩序持续改善向好,交通管理,表扬,中
文化活动参与度不断提高,文化生活,表扬,低
安全治理水平稳步提升,安全治理,表扬,低
法律咨询更加便捷高效,民生服务,表扬,低
交通管理更加规范有序,交通管理,表扬,低
文化氛围更加浓厚活跃,文化生活,表扬,低
安全保障更加完善可靠,安全治理,表扬,低
民生服务更加专业贴心,民生服务,表扬,低
交通出行更加方便快捷,交通管理,表扬,低
文化生活更加丰富多彩,文化生活,表扬,低
安全环境更加和谐稳定,安全治理,表扬,低
法律保障更加全面有力,民生服务,表扬,低
交通秩序更加畅通有序,交通管理,表扬,低
文化服务更加优质多元,文化生活,表扬,低
安全管理更加科学规范,安全治理,表扬,低
法律咨询更加及时准确,民生服务,表扬,低
交通设施更加完善先进,交通管理,表扬,低
文化传承更加深入持久,文化生活,表扬,低
安全防护更加严密有效,安全治理,表扬,低
法律援助更加精准到位,民生服务,表扬,低
交通管理更加智能高效,交通管理,表扬,低
文化惠民更加广泛深入,文化生活,表扬,低
安全治理更加系统全面,安全治理,表扬,低
民生服务更加便民利民,民生服务,表扬,低
交通秩序更加文明礼让,交通管理,表扬,低
文化生活更加健康向上,文化生活,表扬,低
安全环境更加宜居宜业,安全治理,表扬,低
法律保障更加坚实可靠,民生服务,表扬,低
交通出行更加安全舒适,交通管理,表扬,低
文化发展更加繁荣兴盛,文化生活,表扬,低
安全治理更加精细智能,安全治理,表扬,低
民生服务更加专业规范,民生服务,表扬,低
交通管理更加人性科学,交通管理,表扬,低
文化服务更加贴近需求,文化生活,表扬,低
安全保障更加万无一失,安全治理,表扬,低
法律咨询更加周到细致,民生服务,表扬,低
交通设施更加完善便利,交通管理,表扬,低
文化活动更加丰富多彩,文化生活,表扬,低
安全防护更加严密周全,安全治理,表扬,低
法律援助更加及时有效,民生服务,表扬,低
交通秩序更加规范有序,交通管理,表扬,低
文化氛围更加浓厚活跃,文化生活,表扬,低
安全管理更加科学高效,安全治理,表扬,低
法律保障更加全面完善,民生服务,表扬,低
交通出行更加便捷顺畅,交通管理,表扬,低
文化服务更加优质多元,文化生活,表扬,低
安全环境更加和谐安宁,安全治理,表扬,低
法律咨询更加专业权威,民生服务,表扬,低
交通管理更加智能现代,交通管理,表扬,低
文化发展更加繁荣进步,文化生活,表扬,低
安全治理更加系统规范,安全治理,表扬,低
民生服务更加便民高效,民生服务,表扬,低
交通秩序更加文明有序,交通管理,表扬,低
文化生活更加丰富多彩,文化生活,表扬,低
安全保障更加可靠有力,安全治理,表扬,低
法律保障更加坚实完善,民生服务,表扬,低
交通出行更加安全便捷,交通管理,表扬,低
文化服务更加贴近民生,文化生活,表扬,低
安全防护更加严密有效,安全治理,表扬,低
法律咨询更加及时周到,民生服务,表扬,低
交通设施更加完善先进,交通管理,表扬,低
文化活动更加丰富多彩,文化生活,表扬,低
安全管理更加科学规范,安全治理,表扬,低
法律援助更加精准到位,民生服务,表扬,低
交通管理更加智能高效,交通管理,表扬,低
文化惠民更加广泛深入,文化生活,表扬,低
安全治理更加系统全面,安全治理,表扬,低
民生服务更加专业贴心,民生服务,表扬,低
交通秩序更加畅通有序,交通管理,表扬,低
文化发展更加繁荣兴盛,文化生活,表扬,低
安全环境更加和谐稳定,安全治理,表扬,低
法律保障更加全面有力,民生服务,表扬,低
交通出行更加方便快捷,交通管理,表扬,低
文化服务更加优质多元,文化生活,表扬,低
安全管理更加精细智能,安全治理,表扬,低
法律咨询更加便捷高效,民生服务,表扬,低
交通管理更加规范有序,交通管理,表扬,低
文化氛围更加浓厚活跃,文化生活,表扬,低
安全保障更加完善可靠,安全治理,表扬,低
text,category,emotion,urgency
保安认真巡逻，夜间多次劝阻可疑人员,安全治理,表扬,低
小吃摊位油烟直排，影响周边住户开窗,环境卫生,抱怨,中
保安帮助老人搬运重物，服务态度热情,安全治理,表扬,低
流动摊贩占道经营，堵塞人行通道,社区治理,抱怨,中
保安及时发现火灾隐患，避免事故发生,安全治理,表扬,高
小吃摊卫生条件差，食材露天摆放,医疗卫生,抱怨,中
保安熟悉小区住户，陌生人盘查严格,安全治理,表扬,低
夜市摊点噪音扰民，持续到深夜,环境卫生,抱怨,中
保安应急处理能力强，快速解决电梯困人,安全治理,表扬,高
煎饼果子摊位油烟净化设备故障,环境卫生,抱怨,中
保安协助警方抓获盗窃嫌疑人,安全治理,表扬,高
烧烤摊占用消防通道经营,安全治理,抱怨,高
保安定期检查消防设施，记录完整,安全治理,表扬,低
小吃摊使用劣质食用油，存在安全隐患,医疗卫生,抱怨,中
保安耐心指导访客登记，管理规范,安全治理,表扬,低
流动水果摊缺斤少两，欺诈消费者,民生服务,抱怨,中
保安夜间巡逻频次合理，居民安心,安全治理,表扬,低
麻辣烫摊位污水随意倾倒，污染环境,环境卫生,抱怨,中
保安及时处理邻里纠纷，维护和谐,安全治理,表扬,低
早餐摊凌晨作业，噪音影响居民休息,环境卫生,抱怨,中
保安帮助走失儿童找到家人,安全治理,表扬,中
小吃摊证件不全，属于无证经营,民生服务,抱怨,中
保安认真值守监控室，及时发现异常,安全治理,表扬,低
炸鸡摊油烟味浓重，周边住户不堪其扰,环境卫生,抱怨,中
保安协助物业处理突发事件,安全治理,表扬,中
流动摊贩与城管打游击，整治效果差,社区治理,抱怨,中
保安服务态度好，受到居民好评,安全治理,表扬,低
小吃摊占用人行道，残疾人通行困难,社区治理,抱怨,中
保安定期参加培训，专业技能提升,安全治理,表扬,低
夜市摊点垃圾随意丢弃，环境卫生差,环境卫生,抱怨,中
保安认真核对进出车辆，管理严格,安全治理,表扬,低
小吃摊使用一次性餐具，白色污染严重,环境卫生,抱怨,低
保安及时发现管道漏水，避免损失扩大,安全治理,表扬,中
流动书摊经营规范，方便居民购书,文化生活,表扬,低
保安帮助住户处理宠物扰民问题,安全治理,表扬,低
小吃摊食材来源不明，食品安全堪忧,医疗卫生,抱怨,中
保安交接班记录详细，工作衔接顺畅,安全治理,表扬,低
早餐摊卫生状况良好，食材新鲜,医疗卫生,表扬,低
保安处理违规停车及时有效,安全治理,表扬,中
糖炒栗子摊烟雾较大，影响空气质量,环境卫生,抱怨,中
保安协助清理楼道杂物，消除隐患,安全治理,表扬,低
小吃摊支持移动支付，方便顾客,民生服务,表扬,低
保安夜间巡查认真，不走过场,安全治理,表扬,低
流动理发摊价格实惠，服务周到,民生服务,表扬,低
保安帮助迷路老人回家,安全治理,表扬,中
臭豆腐摊气味难闻，影响周边商户,环境卫生,抱怨,中
保安定期更新安防设备，提升效能,安全治理,表扬,低
煎饼摊营业至深夜，顾客喧哗扰民,环境卫生,抱怨,中
保安工作责任心强，多次获得锦旗,安全治理,表扬,低
小吃摊垃圾分类到位，环境卫生良好,环境卫生,表扬,低
保安及时报告设施故障，维修迅速,安全治理,表扬,低
流动修鞋摊手艺精湛，方便居民,民生服务,表扬,低
保安协助开展消防演练，组织有序,安全治理,表扬,低
烧烤摊油烟净化设备正常运行,环境卫生,表扬,低
保安对小区情况了如指掌,安全治理,表扬,低
早餐摊提前营业，方便上班族,民生服务,表扬,低
保安处理高空抛物行为果断,安全治理,表扬,中
小吃摊占道摆放桌椅，影响通行,社区治理,抱怨,中
保安协助住户解决实际困难,安全治理,表扬,低
糖画摊位展示传统手艺，文化传承,文化生活,表扬,低
保安认真执行疫情防控措施,安全治理,表扬,低
流动水果摊果品新鲜，价格公道,民生服务,表扬,低
保安及时发现并处理安全隐患,安全治理,表扬,中
小吃摊使用清洁能源，环保意识强,环境卫生,表扬,低
保安服务专业，获得业主认可,安全治理,表扬,低
夜市摊点管理规范，秩序井然,社区治理,表扬,低
保安协助维护小区交通秩序,安全治理,表扬,低
小吃摊从业人员持健康证上岗,医疗卫生,表扬,低
保安工作认真负责，居民放心,安全治理,表扬,低
流动维修摊服务及时，收费合理,民生服务,表扬,低
保安处理紧急情况沉着冷静,安全治理,表扬,高
小吃摊地面油污清理不及时,环境卫生,抱怨,低
保安协助物业收取物业费,安全治理,表扬,低
早餐摊提供免费豆浆，服务贴心,民生服务,表扬,低
保安定期检查监控设备运行状况,安全治理,表扬,低
小吃摊照明不足，晚间经营困难,安全治理,抱怨,低
保安帮助住户保管临时物品,安全治理,表扬,低
流动书摊书籍种类丰富，更新及时,文化生活,表扬,低
保安认真填写工作日志，记录详实,安全治理,表扬,低
小吃摊使用可降解餐盒，环保,环境卫生,表扬,低
保安协助清理小广告，维护环境,安全治理,表扬,低
夜市摊点配备灭火器，安全有保障,安全治理,表扬,低
保安服务态度需要改善,安全治理,抱怨,低
小吃摊占用盲道经营，影响通行,社区治理,抱怨,中
保安年龄结构合理，队伍稳定,安全治理,表扬,低
流动水果摊电子秤准确，诚信经营,民生服务,表扬,低
保安应急处置预案完善,安全治理,表扬,低
小吃摊从业人员佩戴口罩，卫生达标,医疗卫生,表扬,低
保安协助开展防盗宣传,安全治理,表扬,低
早餐摊食材采购渠道正规,医疗卫生,表扬,低
保安工作服整洁，形象专业,安全治理,表扬,低
小吃摊油烟排放符合标准,环境卫生,表扬,低
保安协助管理装修施工,安全治理,表扬,低
流动服务摊点方便居民生活,民生服务,表扬,低
保安认真执行访客管理制度,安全治理,表扬,低
小吃摊垃圾分类收集，环境整洁,环境卫生,表扬,低
保安协助处理违规养犬问题,安全治理,表扬,低
夜市摊点营业时间合理，不扰民,环境卫生,表扬,低
保安工作认真，但人员配备不足,安全治理,抱怨,中
小吃摊证照齐全，合法经营,民生服务,表扬,低
保安协助维护公共设施,安全治理,表扬,低
流动摊位统一管理，规范有序,社区治理,表扬,低
保安服务获得业主好评,安全治理,表扬,低
小吃摊明码标价，消费透明,民生服务,表扬,低
text,category,emotion,urgency
煎饼果子摊凌晨4点开始营业，和面声影响居民睡眠,环境卫生,抱怨,中
烤冷面摊位油烟净化器故障，油烟直排污染空气,环境卫生,抱怨,中
鸡蛋灌饼摊使用地沟油，存在食品安全问题,民生服务,抱怨,高
麻辣烫摊位食材不新鲜，顾客食用后不适,民生服务,抱怨,中
臭豆腐摊气味扩散范围大，整条街都能闻到,环境卫生,抱怨,中
烤红薯摊使用化工桶做炉具，存在安全隐患,安全治理,抱怨,高
炸鸡排摊油锅温度过高，多次引发小火情,安全治理,抱怨,高
手抓饼摊占用消防通道经营，阻碍应急救援,安全治理,抱怨,高
凉皮摊位卫生条件差，操作台污渍明显,环境卫生,抱怨,中
烧烤摊营业至凌晨两点，顾客喧哗扰民,环境卫生,抱怨,中
糖炒栗子摊烟雾缭绕，影响周边商铺经营,环境卫生,抱怨,中
肉夹馍摊使用劣质肉类，欺骗消费者,民生服务,抱怨,高
煎饼摊随意倾倒面糊废水，堵塞下水道,环境卫生,抱怨,中
烤肠摊占用盲道经营，影响视障人士通行,社区治理,抱怨,中
鸡蛋糕摊煤气罐随意摆放，存在爆炸风险,安全治理,抱怨,高
麻辣香锅摊使用回收油，重复利用不卫生,民生服务,抱怨,高
炸串摊油质发黑，长期不更换,民生服务,抱怨,中
烧饼摊面粉露天堆放，灰尘污染严重,环境卫生,抱怨,中
烤面筋摊占用公交站台，影响乘客上下车,交通管理,抱怨,中
煎饺摊地面油污厚重，行人容易滑倒,环境卫生,抱怨,中
烤鱼摊污水直排雨水井，污染环境,环境卫生,抱怨,中
炸麻花摊占用小区出入口，影响车辆通行,交通管理,抱怨,中
麻辣拌摊食材露天摆放，卫生状况堪忧,环境卫生,抱怨,中
烤馒头摊使用劣质面粉，口感差,民生服务,抱怨,中
煎豆腐摊油烟机噪音过大，影响周边住户,环境卫生,抱怨,中
烤肉摊占用绿化带，破坏公共绿地,环境卫生,抱怨,中
炸年糕摊油渍污染人行道，难以清理,环境卫生,抱怨,中
烤茄子摊使用违规添加剂，食品安全问题,民生服务,抱怨,高
煎包摊煤气管道老化，存在泄漏风险,安全治理,抱怨,高
烤鸡翅摊占用消防栓位置，影响使用,安全治理,抱怨,高
炸蘑菇摊使用过期食材，继续销售,民生服务,抱怨,高
烤玉米摊炭火灰烬随意倾倒，引发小火情,安全治理,抱怨,中
煎饼摊操作台卫生差，抹布发黑有异味,环境卫生,抱怨,中
烤鱿鱼摊烟雾报警器经常误报,环境卫生,抱怨,低
炸薯条摊占用残疾人专用车位,交通管理,抱怨,中
烤冷面摊从业人员无健康证,民生服务,抱怨,中
煎饼果子摊支持手机支付，方便快捷,民生服务,表扬,低
烤红薯摊使用专用烤炉，安全规范,安全治理,表扬,低
炸鸡排摊定期更换食用油，品质有保障,民生服务,表扬,低
手抓饼摊配备灭火器，安全意识强,安全治理,表扬,低
凉皮摊位操作人员佩戴口罩手套,环境卫生,表扬,低
烧烤摊安装高效油烟净化设备,环境卫生,表扬,低
糖炒栗子摊使用环保燃料，烟雾小,环境卫生,表扬,低
肉夹馍摊肉质检验合格，来源正规,民生服务,表扬,低
煎饼摊自备垃圾桶，保持周边清洁,环境卫生,表扬,低
烤肠摊在指定区域经营，不占道,社区治理,表扬,低
鸡蛋糕摊煤气罐固定放置，安全规范,安全治理,表扬,低
麻辣香锅摊使用一次性锅底，干净卫生,民生服务,表扬,低
炸串摊每日更换新油，品质新鲜,民生服务,表扬,低
烧饼摊面粉密封保存，防尘防潮,环境卫生,表扬,低
烤面筋摊营业时间合理，不扰民,环境卫生,表扬,低
煎饺摊地面铺设防滑垫，安全措施到位,安全治理,表扬,低
烤鱼摊安装油水分离器，环保达标,环境卫生,表扬,低
炸麻花摊在划定区域经营，秩序良好,社区治理,表扬,低
麻辣拌摊食材冷藏保存，新鲜卫生,民生服务,表扬,低
烤馒头摊使用优质面粉，口感好,民生服务,表扬,低
煎豆腐摊定期清洗油烟机，维护到位,环境卫生,表扬,低
烤肉摊自备垃圾袋，及时清理,环境卫生,表扬,低
炸年糕摊使用食品级油，安全可靠,民生服务,表扬,低
烤茄子摊使用天然调料，无添加剂,民生服务,表扬,低
煎包摊煤气设备定期检查，安全有保障,安全治理,表扬,低
烤鸡翅摊避让消防设施，安全意识强,安全治理,表扬,低
炸蘑菇摊食材当天采购，保证新鲜,民生服务,表扬,低
烤玉米摊炭火妥善处理，消除隐患,安全治理,表扬,低
煎饼摊操作台整洁干净，卫生达标,环境卫生,表扬,低
烤鱿鱼摊安装隔音设备，减少噪音,环境卫生,表扬,低
炸薯条摊让出残疾人车位，遵守规定,交通管理,表扬,低
烤冷面摊从业人员持证上岗，规范经营,民生服务,表扬,低
煎饼果子摊提供免费纸巾，服务周到,民生服务,表扬,低
烤红薯摊明码标价，价格公道,民生服务,表扬,低
炸鸡排摊支持扫码点餐，减少排队,民生服务,表扬,低
手抓饼摊配备洗手设施，注重卫生,环境卫生,表扬,低
凉皮摊位使用消毒餐具，干净卫生,民生服务,表扬,低
烧烤摊控制营业时间，不影响居民休息,环境卫生,表扬,低
糖炒栗子摊使用电子秤，计量准确,民生服务,表扬,低
肉夹馍摊提供发票，消费透明,民生服务,表扬,低
煎饼摊自备污水桶，不污染环境,环境卫生,表扬,低
烤肠摊定期参加食品安全培训,民生服务,表扬,低
鸡蛋糕摊使用防爆煤气设备,安全治理,表扬,低
麻辣香锅摊食材公示来源，让顾客放心,民生服务,表扬,低
炸串摊油质清澈，定期检测,民生服务,表扬,低
烧饼摊面粉有检验报告，质量可靠,民生服务,表扬,低
烤面筋摊在指定时间经营，管理规范,社区治理,表扬,低
煎饺摊地面每日清洗，保持洁净,环境卫生,表扬,低
text,category,emotion,urgency
独居老人紧急呼叫系统响应不及时，存在安全隐患,民生服务,抱怨,高
残疾人无障碍通道被车辆占用，轮椅无法通行,民生服务,抱怨,中
外来务工子女暑期看护服务缺失，双职工家庭困扰,民生服务,抱怨,中
社区康复站器材不适合残疾人使用，利用率低,民生服务,抱怨,低
失能老人上门护理服务名额有限，排队时间长,民生服务,抱怨,中
留守儿童课外辅导资源不足，学业受影响,民生服务,抱怨,低
盲道铺设不连续，视障人士出行困难,民生服务,抱怨,中
精神障碍患者社区康复服务不够专业,民生服务,抱怨,低
孕妇产前检查绿色通道不畅通,医疗卫生,抱怨,中
低收入家庭就业帮扶政策落实不到位,民生服务,抱怨,中
残疾人专用停车位经常被占用,交通管理,抱怨,中
孤寡老人节日慰问流于形式，缺乏实质帮助,民生服务,抱怨,低
外来人口居住证办理流程复杂,民生服务,抱怨,中
残疾儿童特殊教育资源缺乏,民生服务,抱怨,中
老年人智能手机培训课程名额有限,民生服务,抱怨,低
暴雨预警信息发布不及时，居民准备不足,安全治理,抱怨,高
消防应急预案缺乏实战演练，效果不佳,安全治理,抱怨,中
突发事件应急物资储备不足，难以应对,安全治理,抱怨,高
应急疏散指示标识不清晰，紧急时难辨认,安全治理,抱怨,中
疫情防控期间生活物资配送混乱,安全治理,抱怨,中
地震应急避难场所设施不完善,安全治理,抱怨,高
停电应急响应机制不健全，恢复供电慢,安全治理,抱怨,中
洪涝灾害防范措施不到位，低洼地段常积水,安全治理,抱怨,高
应急广播系统覆盖不全，信息传递受阻,安全治理,抱怨,中
应急救援队伍专业性不足，响应速度慢,安全治理,抱怨,高
居民议事会成员代表性不足，决策偏颇,社区治理,抱怨,中
社区志愿者服务缺乏系统性培训,社区治理,抱怨,低
居民建议箱形同虚设，反馈石沉大海,社区治理,抱怨,低
社区公益活动参与度低，组织方式待改进,社区治理,抱怨,低
业主委员会选举过程不透明，存在质疑,社区治理,抱怨,中
社区治理信息公开不充分，居民知情权受限,社区治理,抱怨,低
居民监督渠道不畅通，投诉处理效率低,社区治理,抱怨,中
社区议事规则不明确，会议效率低下,社区治理,抱怨,低
志愿者激励措施缺乏，积极性不高,社区治理,抱怨,低
居民参与社区治理意识薄弱，动员困难,社区治理,抱怨,低
垃圾分类准确率低，混投现象普遍,环境卫生,抱怨,低
社区绿化用水浪费严重，节水意识淡薄,环境卫生,抱怨,低
可再生资源回收点设置不合理，使用不便,环境卫生,抱怨,低
一次性塑料制品使用过多，白色污染严重,环境卫生,抱怨,低
建筑垃圾随意堆放，清运不及时,环境卫生,抱怨,中
社区节能改造推进缓慢，能耗居高不下,环境卫生,抱怨,低
环保宣传活动形式单一，效果有限,环境卫生,抱怨,低
雨水收集系统利用率低，水资源浪费,环境卫生,抱怨,低
社区光伏发电项目推进受阻,环境卫生,抱怨,低
绿色出行配套设施不完善,环境卫生,抱怨,低
社区商业业态单一，缺乏特色,社区治理,抱怨,低
小微企业融资渠道不畅，发展受限,社区治理,抱怨,中
夜市经济管理混乱，影响周边居民,社区治理,抱怨,中
社区商铺空置率高，商业活力不足,社区治理,抱怨,低
特色产业发展缺乏规划，同质化竞争,社区治理,抱怨,低
创业孵化服务专业性不足，成功率低,社区治理,抱怨,低
社区消费外流严重，本地商业受损,社区治理,抱怨,中
商业配套设施分布不均衡,社区治理,抱怨,低
数字社区治理滞后，传统商业受冲击,社区治理,抱怨,低
产业转型升级缺乏政策支持,社区治理,抱怨,低
独居老人定期探访服务贴心周到,民生服务,表扬,低
残疾人家庭无障碍改造完成及时,民生服务,表扬,低
四点半课堂解决双职工家庭后顾之忧,民生服务,表扬,低
社区康复站为残疾人提供专业训练,民生服务,表扬,低
失能老人长期照护服务获得家属好评,民生服务,表扬,低
留守儿童关爱项目效果显著,民生服务,表扬,低
盲道连续平整，视障人士出行便利,民生服务,表扬,低
精神障碍患者社区康复取得进展,民生服务,表扬,低
孕妇保健服务专业周到,医疗卫生,表扬,低
就业援助帮助困难家庭脱贫,民生服务,表扬,低
安全治理预警系统准确及时,安全治理,表扬,高
消防演练组织有序，居民参与积极,安全治理,表扬,低
应急物资储备充足，分类明确,安全治理,表扬,低
应急疏散演练提升居民自救能力,安全治理,表扬,低
疫情防控物资配送高效有序,安全治理,表扬,中
应急避难场所设施完善管理规范,安全治理,表扬,低
电力应急抢修响应迅速,安全治理,表扬,中
防洪工程效果显著，内涝问题改善,安全治理,表扬,中
应急广播覆盖全面，信息传递及时,安全治理,表扬,低
专业救援队伍保障社区安全,安全治理,表扬,高
居民议事会民主决策获得认可,社区治理,表扬,低
志愿者培训体系完善，服务水平提升,社区治理,表扬,低
居民建议落实及时，反馈机制畅通,社区治理,表扬,低
社区公益活动形式多样，参与热情高,社区治理,表扬,低
业主委员会选举公开透明,社区治理,表扬,低
社区治理信息及时公开，接受监督,社区治理,表扬,低
居民监督渠道畅通，问题解决及时,社区治理,表扬,低
社区议事规则完善，决策科学,社区治理,表扬,低
志愿者激励措施有效，积极性高,社区治理,表扬,低
居民参与社区治理意识增强,社区治理,表扬,低
垃圾分类成效显著，环境改善明显,环境卫生,表扬,低
节水措施落实到位，资源利用高效,环境卫生,表扬,低
可再生资源回收网络完善,环境卫生,表扬,低
限塑政策执行严格，白色污染减少,环境卫生,表扬,低
建筑垃圾规范处理，环境整洁,环境卫生,表扬,低
节能改造项目效果显著,环境卫生,表扬,低
环保宣传创新形式，深入人心,环境卫生,表扬,低
雨水收集系统运行良好,环境卫生,表扬,低
社区光伏项目并网发电,环境卫生,表扬,低
绿色出行配套设施完善,环境卫生,表扬,低
社区商业业态丰富多元,社区治理,表扬,低
小微企业融资服务到位,社区治理,表扬,低
夜市经济管理规范有序,社区治理,表扬,低
社区商铺招商成效显著,社区治理,表扬,低
特色产业发展规划科学,社区治理,表扬,低
创业孵化服务专业高效,社区治理,表扬,低
社区消费内循环效果明显,社区治理,表扬,低
商业配套设施布局合理,社区治理,表扬,低
数字社区治理势头良好,社区治理,表扬,低
产业转型升级政策支持有力,社区治理,表扬,低
残疾人就业援助计划帮助多人上岗,民生服务,表扬,低
独居老人爱心食堂菜品丰富价廉,民生服务,表扬,低
外来务工人员子女入学问题妥善解决,民生服务,表扬,低
社区心理咨询室帮助居民缓解压力,民生服务,表扬,低
失独家庭关爱服务温暖人心,民生服务,表扬,低
安全治理平台实现智能化预警,安全治理,表扬,高
社区应急救援队快速处置突发事件,安全治理,表扬,高
防灾减灾宣传提升居民安全意识,安全治理,表扬,低
应急物资智能管理系统运行良好,安全治理,表扬,低
疫情防控应急响应及时有效,安全治理,表扬,高
居民议事会决议执行力度强,社区治理,表扬,低
社区志愿者服务时长积分可兑换,社区治理,表扬,低
居民参与社区规划建言献策,社区治理,表扬,低
社区治理多方协同机制完善,社区治理,表扬,低
社区事务公开透明获得信任,社区治理,表扬,低
垃圾分类智能监管效果显著,环境卫生,表扬,低
社区碳减排目标超额完成,环境卫生,表扬,低
可再生资源回收利用率提升,环境卫生,表扬,低
社区获评绿色社区示范点,环境卫生,表扬,低
节能改造项目获得资金支持,环境卫生,表扬,低
社区商业街改造提升营业额,社区治理,表扬,低
小微企业成长孵化成效显著,社区治理,表扬,低
夜市经济成为社区亮丽名片,社区治理,表扬,低
社区商铺空置率显著下降,社区治理,表扬,低
特色产业带动就业效果明显,社区治理,表扬,低
text,category,emotion,urgency
社区商业街空置店铺增多，商业活力下降,社区治理,抱怨,中
小微企业融资难，银行贷款门槛过高,社区治理,抱怨,中
夜市经济管理不规范，影响周边居民生活,社区治理,抱怨,中
社区特色产业发展缺乏统一规划,社区治理,抱怨,低
创业孵化基地服务不够专业，创业成功率低,社区治理,抱怨,低
社区消费外流严重，本地商户经营困难,社区治理,抱怨,中
商业配套设施分布不均衡，部分区域商业空白,社区治理,抱怨,低
传统商铺面临电商冲击，转型升级困难,社区治理,抱怨,中
社区集体经济薄弱，缺乏稳定收入来源,社区治理,抱怨,低
招商引资政策吸引力不足，优质企业难引进,社区治理,抱怨,中
社区商业街改造提升，客流量明显增加,社区治理,表扬,低
小微企业扶持政策落实到位，获得资金支持,社区治理,表扬,低
夜市经济规范管理，成为社区亮丽名片,社区治理,表扬,低
特色产业规划科学，形成品牌效应,社区治理,表扬,低
创业孵化服务专业，多个项目成功落地,社区治理,表扬,低
社区消费内循环效果显著，本地商业复苏,社区治理,表扬,低
商业配套设施完善，满足居民多元需求,社区治理,表扬,低
传统商铺成功转型，线上线下融合发展,社区治理,表扬,低
社区集体经济壮大，反哺民生项目,社区治理,表扬,低
优质企业纷纷入驻，带动就业增长,社区治理,表扬,低
社区商铺租金过高，小微商户难以承受,社区治理,抱怨,中
商业促销活动同质化严重，缺乏创新,社区治理,抱怨,低
社区电商发展滞后，未能把握线上机遇,社区治理,抱怨,低
商业街区停车难，影响顾客消费体验,社区治理,抱怨,中
商户诚信经营意识淡薄，消费纠纷频发,社区治理,抱怨,中
社区商业联盟发挥作用，资源共享共赢,社区治理,表扬,低
创新商业模式获得市场认可,社区治理,表扬,低
电商直播基地建成，带动线上销售,社区治理,表扬,低
智能停车系统缓解商业区停车压力,社区治理,表扬,低
商户信用评价体系建立，消费环境优化,社区治理,表扬,低
社区商业规划缺乏前瞻性,社区治理,抱怨,低
商业业态单一，无法满足年轻群体需求,社区治理,抱怨,低
社区品牌建设投入不足，知名度不高,社区治理,抱怨,低
商业营销手段落后，客源开发困难,社区治理,抱怨,低
商户经营成本持续上涨，利润空间压缩,社区治理,抱怨,中
社区商业发展规划科学合理,社区治理,表扬,低
新兴业态引进成功，吸引年轻消费群体,社区治理,表扬,低
社区品牌推广有力，知名度提升,社区治理,表扬,低
数字化营销手段见效，客源稳定增长,社区治理,表扬,低
降本增效措施帮助商户渡过难关,社区治理,表扬,低
社区菜市场升级改造，购物环境大幅改善,社区治理,表扬,低
特色小吃街规范管理，成为美食打卡地,社区治理,表扬,低
手工艺品集市定期举办，促进文化消费,社区治理,表扬,低
社区工厂转型升级，产品质量提升,社区治理,表扬,低
农产品直销平台搭建，助农增收见效,社区治理,表扬,低
社区共享办公空间使用率低,社区治理,抱怨,低
商业街区夜间照明不足，影响夜间经济,社区治理,抱怨,低
社区旅游资源开发不充分,社区治理,抱怨,低
商业区公共WiFi覆盖不全,社区治理,抱怨,低
商户数字化转型缺乏指导,社区治理,抱怨,低
共享办公空间入驻率持续攀升,社区治理,表扬,低
商业街区亮化工程完成，夜经济活跃,社区治理,表扬,低
社区旅游线路开发成功，游客增多,社区治理,表扬,低
商业区免费WiFi全覆盖，体验良好,社区治理,表扬,低
商户数字化培训定期开展，效果显著,社区治理,表扬,低
社区经济数据统计不准确,社区治理,抱怨,低
商业区环境卫生管理不到位,社区治理,抱怨,低
社区创业氛围不够浓厚,社区治理,抱怨,低
商业区休息设施不足，顾客体验差,社区治理,抱怨,低
商户间恶性竞争影响整体发展,社区治理,抱怨,中
经济数据监测系统运行准确,社区治理,表扬,低
商业区保洁工作到位，环境整洁,社区治理,表扬,低
创业大赛成功举办，氛围热烈,社区治理,表扬,低
商业区休息设施完善，顾客满意,社区治理,表扬,低
商户合作共赢机制建立，避免恶性竞争,社区治理,表扬,低
社区商业综合体招商进度缓慢,社区治理,抱怨,中
传统集市面临现代化改造难题,社区治理,抱怨,中
社区产品缺乏统一品牌包装,社区治理,抱怨,低
商业区导览系统不完善,社区治理,抱怨,低
商户抗风险能力较弱，疫情冲击大,社区治理,抱怨,中
商业综合体招商完成，知名品牌入驻,社区治理,表扬,低
传统集市改造成功，焕发新生机,社区治理,表扬,低
社区产品统一品牌设计，价值提升,社区治理,表扬,低
商业区智能导览系统投入使用,社区治理,表扬,低
商户风险防控培训及时有效,社区治理,表扬,低
社区经济人才培养机制不健全,社区治理,抱怨,低
商业区节假日促销活动组织混乱,社区治理,抱怨,低
社区产品营销渠道单一,社区治理,抱怨,低
商业区无障碍设施不完善,社区治理,抱怨,低
商户创新能力不足，产品同质化,社区治理,抱怨,低
经济人才培训计划系统实施,社区治理,表扬,低
节假日促销活动组织有序，效果显著,社区治理,表扬,低
社区产品线上线下多渠道销售,社区治理,表扬,低
商业区无障碍设施改造完成,社区治理,表扬,低
商户创新大赛激发产品研发热情,社区治理,表扬,低
社区商业数字化转型步伐缓慢,社区治理,抱怨,低
商业区公共空间利用率不高,社区治理,抱怨,低
社区特色产品市场认可度低,社区治理,抱怨,低
商业区安全管理存在隐患,社区治理,抱怨,中
商户服务质量参差不齐,社区治理,抱怨,低
商业数字化转型成效显著,社区治理,表扬,低
商业区公共空间创意利用,社区治理,表扬,低
社区特色产品获得市场青睐,社区治理,表扬,低
商业区安全管理措施到位,社区治理,表扬,低
商户服务质量标准化建设完成,社区治理,表扬,低
社区经济政策宣传不到位,社区治理,抱怨,低
商业区交通疏导能力不足,社区治理,抱怨,中
社区产品产业链不完整,社区治理,抱怨,低
商业区绿化景观缺乏特色,社区治理,抱怨,低
商户经营理念落后，跟不上时代,社区治理,抱怨,低
经济政策宣讲会定期举办,社区治理,表扬,低
商业区交通优化方案见效,社区治理,表扬,低
社区产品产业链不断完善,社区治理,表扬,低
商业区景观提升工程完成,社区治理,表扬,低
商户经营理念更新培训开展,社区治理,表扬,低
社区商业生态体系不健全,社区治理,抱怨,低
商业区消费投诉处理效率低,社区治理,抱怨,中
社区经济创新发展动力不足,社区治理,抱怨,低
商业区配套设施维护不及时,社区治理,抱怨,低
商户转型升级资金压力大,社区治理,抱怨,中
商业生态体系建设逐步完善,社区治理,表扬,低
消费投诉快速处理机制建立,社区治理,表扬,低
经济创新发展论坛成功举办,社区治理,表扬,低
商业区配套设施维护到位,社区治理,表扬,低
商户转型升级获得专项资金支持,社区治理,表扬,低
社区商圈竞争力逐渐减弱,社区治理,抱怨,中
商业区文化活动与商业结合不够,社区治理,抱怨,低
社区经济数据信息化程度低,社区治理,抱怨,低
商业区环境卫生标准不统一,社区治理,抱怨,低
商户人才培养机制不完善,社区治理,抱怨,低
商圈竞争力提升计划见效,社区治理,表扬,低
商业文化活动丰富多彩,社区治理,表扬,低
经济数据信息化管理平台建成,社区治理,表扬,低